pid,Name,acadyear,stat,ssc,hsc,cet,diploma
224162,student1,2011,0,0.7764240671987371,0.7141313684577903,0.8246661138711862,0.9139106805293004
224218,student2,2011,0,0.7764240671987371,0.7141313684577903,0.8246661138711862,0.9139106805293004
244234,student3,2012,0,0.7764240671987371,0.7141313684577903,0.8246661138711862,0.9139106805293004
244246,student4,2012,0,0.7764240671987371,0.7141313684577903,0.8246661138711862,0.9139106805293004
244568,student5,2012,0,0.7764240671987371,0.7141313684577903,0.8246661138711862,0.9139106805293004
264102,student6,2013,0,0.7764240671987371,0.7141313684577903,0.8246661138711862,0.9139106805293004
264178,student7,2013,0,0.7764240671987371,0.7141313684577903,0.8246661138711862,0.9139106805293004
284008,student8,2014,0,0.7764240671987371,0.7141313684577903,0.8246661138711862,0.9139106805293004
304244,student9,2015,0,0.5393053016453382,0.6026557711950971,0.8246661138711862,0.9139106805293004
304546,student10,2015,0,0.5027422303473491,0.0,0.8246661138711862,0.7934782608695652
344078,student11,2017,0,0.9414990859232175,0.6843718079673136,0.5161943319838057,0.9139106805293004
344108,student12,2017,0,0.3638025594149908,0.6065372829417773,0.6781376518218624,0.9139106805293004
344204,student13,2017,0,0.6965265082266909,0.8743615934627169,0.0,0.9139106805293004
384178,student14,2019,0,0.7623400365630713,0.7579162410623085,0.0,0.9139106805293004
4028616,student15,2014,0,0.7764240671987371,0.7141313684577903,0.8246661138711862,0.9139106805293004
4028946,student16,2014,0,0.7764240671987371,0.7141313684577903,0.8246661138711862,0.9139106805293004
4028950,student17,2014,0,0.7764240671987371,0.7141313684577903,0.8246661138711862,0.9139106805293004
4028956,student18,2014,0,0.7764240671987371,0.7141313684577903,0.8246661138711862,0.9139106805293004
4028960,student19,2014,0,0.7764240671987371,0.7141313684577903,0.8246661138711862,0.9139106805293004
4028968,student20,2014,0,0.7764240671987371,0.7141313684577903,0.8246661138711862,0.9139106805293004
4028980,student21,2014,0,0.7764240671987371,0.7141313684577903,0.8246661138711862,0.9139106805293004
4028984,student22,2014,0,0.7764240671987371,0.7141313684577903,0.8246661138711862,0.9139106805293004
40318238,student23,2015,0,0.7764240671987371,0.7141313684577903,0.8246661138711862,0.9139106805293004
40318300,student24,2015,0,0.7764240671987371,0.7141313684577903,0.8246661138711862,0.9139106805293004
40318304,student25,2015,0,0.7764240671987371,0.7141313684577903,0.8246661138711862,0.9139106805293004
40318314,student26,2015,0,0.7764240671987371,0.7141313684577903,0.8246661138711862,0.9139106805293004
40318354,student27,2015,0,0.7764240671987371,0.7141313684577903,0.8246661138711862,0.9139106805293004
40318366,student28,2015,0,0.7764240671987371,0.7141313684577903,0.8246661138711862,0.9139106805293004
40318458,student29,2015,0,0.7764240671987371,0.7141313684577903,0.8246661138711862,0.9139106805293004
40318522,student30,2015,0,0.7764240671987371,0.7141313684577903,0.8246661138711862,0.9139106805293004
40318546,student31,2015,0,0.7764240671987371,0.7141313684577903,0.8246661138711862,0.9139106805293004
40318580,student32,2015,0,0.7764240671987371,0.7141313684577903,0.8246661138711862,0.9139106805293004
40318716,student33,2015,0,0.7764240671987371,0.7141313684577903,0.8246661138711862,0.9139106805293004
4031890,student34,2015,0,0.7764240671987371,0.7141313684577903,0.8246661138711862,0.9139106805293004
4031920,student35,2015,0,0.7764240671987371,0.7141313684577903,0.8246661138711862,0.9139106805293004
40358466,student36,2017,0,0.7764240671987371,0.7141313684577903,0.8246661138711862,0.9139106805293004
40358488,student37,2017,0,0.7764240671987371,0.7141313684577903,0.8246661138711862,0.9139106805293004
40358712,student38,2017,0,0.7764240671987371,0.7141313684577903,0.8246661138711862,0.9139106805293004
40358720,student39,2017,0,0.7764240671987371,0.7141313684577903,0.8246661138711862,0.9139106805293004
404032,student40,2020,0,0.5539305301645338,0.5352400408580184,0.2631578947368421,0.9139106805293004
404166,student41,2020,0,0.8281535648994515,0.8028600612870275,0.7530364372469637,0.9139106805293004
424002,student42,2021,0,0.8391224862888483,0.9530132788559754,0.8906882591093118,0.9139106805293004
424004,student43,2021,0,0.769652650822669,0.9499489274770173,0.7054655870445344,0.9139106805293004
424006,student44,2021,0,0.7952468007312614,0.9724208375893769,0.7854251012145749,0.9139106805293004
424008,student45,2021,0,0.7440585009140768,0.9622063329928499,0.9838056680161944,0.9139106805293004
424010,student46,2021,0,0.7550274223034734,0.9468845760980592,0.895748987854251,0.9139106805293004
424012,student47,2021,0,0.5575868372943327,0.9264555669050051,0.8056680161943319,0.9139106805293004
424014,student48,2021,0,0.8976234003656306,0.9632277834525025,0.9402834008097167,0.9139106805293004
424016,student49,2021,0,0.8720292504570384,0.9622063329928499,0.9716599190283401,0.9139106805293004
424018,student50,2021,0,0.6819012797074954,0.9223697650663942,0.8431174089068826,0.9139106805293004
424020,student51,2021,0,0.5429616087751371,0.9560776302349335,0.7753036437246963,0.9139106805293004
424022,student52,2021,0,0.7842778793418648,0.9458631256384065,0.3582995951417004,0.9139106805293004
424024,student53,2021,0,0.6014625228519196,0.8283963227783452,0.6700404858299596,0.9139106805293004
424026,student54,2021,0,0.9634369287020109,0.9111338100102144,0.701417004048583,0.9139106805293004
424028,student55,2021,0,0.5831809872029251,0.9009193054136874,0.7813765182186235,0.9139106805293004
424030,student56,2021,0,0.842778793418647,0.978549540347293,0.8542510121457491,0.9139106805293004
424032,student57,2021,0,0.46617915904936014,0.7946884576098059,0.6447368421052632,0.9139106805293004
424034,student58,2021,0,0.8171846435100548,0.8968335035750765,0.8026315789473684,0.9139106805293004
424036,student59,2021,0,0.6380255941499087,0.0,0.0,0.9139106805293004
424038,student60,2021,0,0.9488117001828155,0.9570990806945863,0.9433198380566802,0.9139106805293004
424040,student61,2021,0,0.7769652650822668,0.8457609805924412,0.9686234817813766,0.9139106805293004
424042,student62,2021,0,0.8574040219378428,0.9305413687436158,0.9787449392712552,0.9139106805293004
424044,student63,2021,0,0.8135283363802559,0.8580183861082737,0.840080971659919,0.9139106805293004
424046,student64,2021,0,0.959780621572212,0.9366700715015321,0.868421052631579,0.9139106805293004
424048,student65,2021,0,0.8354661791590494,0.9448416751787537,0.9716599190283401,0.9139106805293004
424050,student66,2021,0,0.7989031078610603,0.961184882533197,0.8674089068825912,0.9139106805293004
424052,student67,2021,0,0.7915904936014624,0.9622063329928499,0.7914979757085021,0.9139106805293004
424054,student68,2021,0,0.882998171846435,0.9090909090909091,0.7338056680161944,0.9139106805293004
424056,student69,2021,0,0.7513711151736745,0.9662921348314606,0.7682186234817815,0.9139106805293004
424058,student70,2021,0,0.6599634369287019,0.9193054136874361,0.7054655870445344,0.9139106805293004
424060,student71,2021,0,0.6489945155393053,0.9427987742594484,0.8674089068825912,0.9139106805293004
424062,student72,2021,0,0.6672760511882998,0.8835546475995913,0.7054655870445344,0.9139106805293004
424064,student73,2021,0,0.7038391224862888,0.8968335035750765,0.8370445344129556,0.9139106805293004
424066,student74,2021,0,0.7550274223034734,0.968335035750766,0.8178137651821862,0.9139106805293004
424068,student75,2021,0,0.7623400365630713,0.9295199182839632,0.7682186234817815,0.9139106805293004
424070,student76,2021,0,0.6307129798903107,0.8886618998978549,0.6477732793522267,0.9139106805293004
424072,student77,2021,0,0.9652650822669103,0.978549540347293,0.9696356275303644,0.9139106805293004
424074,student78,2021,0,0.6965265082266909,0.8621041879468846,0.9736842105263158,0.9139106805293004
424076,student79,2021,0,0.9561243144424131,0.9315628192032687,0.8967611336032388,0.9139106805293004
424078,student80,2021,0,0.7257769652650823,0.9101123595505617,0.8977732793522267,0.9139106805293004
424080,student81,2021,0,0.8281535648994515,0.9111338100102144,0.7682186234817815,0.9139106805293004
424082,student82,2021,0,0.7221206581352834,0.9499489274770173,0.3643724696356275,0.9139106805293004
424084,student83,2021,0,0.9616087751371114,0.9662921348314606,0.9898785425101214,0.9139106805293004
424086,student84,2021,0,0.9414990859232175,0.968335035750766,0.9827935222672064,0.9139106805293004
424088,student85,2021,0,0.6563071297989032,0.8375893769152195,0.4210526315789474,0.9139106805293004
424090,student86,2021,0,0.7806215722120659,0.9039836567926455,0.46659919028340086,0.9139106805293004
424092,student87,2021,0,0.8957952468007312,0.637385086823289,0.7479757085020243,0.9139106805293004
424094,student88,2021,0,0.886654478976234,0.9673135852911133,0.9544534412955465,0.9139106805293004
424096,student89,2021,0,0.6636197440585009,0.9141981613891725,0.7348178137651822,0.9139106805293004
424098,student90,2021,0,0.926873857404022,0.9264555669050051,0.9696356275303644,0.9139106805293004
424100,student91,2021,0,0.6855575868372943,0.9295199182839632,0.20242914979757085,0.9139106805293004
424102,student92,2021,0,0.8281535648994515,0.965270684371808,0.8350202429149798,0.9139106805293004
424104,student93,2021,0,0.8756855575868373,0.978549540347293,0.7540485829959515,0.9139106805293004
424106,student94,2021,0,0.8025594149908593,0.8937691521961184,0.770242914979757,0.9139106805293004
424108,student95,2021,0,0.6965265082266909,0.9315628192032687,0.9412955465587045,0.9139106805293004
424110,student96,2021,0,0.7074954296160878,0.849846782431052,0.9473684210526315,0.9139106805293004
424112,student97,2021,0,0.7806215722120659,0.965270684371808,0.9392712550607287,0.9139106805293004
424114,student98,2021,0,0.5137111517367458,0.54341164453524,0.7844129554655871,0.9139106805293004
424116,student99,2021,0,0.7915904936014624,0.7711950970377937,0.9028340080971661,0.9139106805293004
424118,student100,2021,0,0.4552102376599635,0.881511746680286,0.8906882591093118,0.9139106805293004
424120,student101,2021,0,0.8281535648994515,0.9121552604698672,0.9038461538461539,0.9139106805293004
424122,student102,2021,0,0.7989031078610603,0.968335035750766,0.986842105263158,0.9139106805293004
424124,student103,2021,0,0.6892138939670932,0.9489274770173647,0.9099190283400811,0.9139106805293004
424126,student104,2021,0,0.5685557586837293,0.797752808988764,0.7732793522267207,0.9139106805293004
424128,student105,2021,0,0.9012797074954295,0.9530132788559754,0.861336032388664,0.9139106805293004
424130,student106,2021,0,0.7221206581352834,0.9090909090909091,0.8502024291497976,0.9139106805293004
424132,student107,2021,0,0.8939670932358319,0.9908069458631256,0.9483805668016195,0.9139106805293004
424134,student108,2021,0,0.7477148080438758,0.891726251276813,0.5931174089068826,0.9139106805293004
424136,student109,2021,0,0.5539305301645338,0.8437180796731357,0.7854251012145749,0.9139106805293004
424138,student110,2021,0,0.7404021937842779,0.8937691521961184,0.958502024291498,0.9139106805293004
424140,student111,2021,0,0.7257769652650823,0.9397344228804902,0.8775303643724697,0.9139106805293004
424142,student112,2021,0,0.8244972577696525,0.9141981613891725,0.7510121457489879,0.9139106805293004
424144,student113,2021,0,0.7952468007312614,0.8682328907048008,0.9008097165991903,0.9139106805293004
424146,student114,2021,0,0.9122486288848264,0.9775280898876404,0.9908906882591094,0.9139106805293004
424148,student115,2021,0,0.0,0.7354443309499489,0.7904858299595141,0.9139106805293004
424150,student116,2021,0,0.5648994515539306,0.9090909090909091,0.9433198380566802,0.9139106805293004
424152,student117,2021,0,0.7148080438756854,0.9090909090909091,0.7206477732793523,0.9139106805293004
424154,student118,2021,0,0.7513711151736745,0.822267620020429,0.951417004048583,0.9139106805293004
424156,student119,2021,0,0.9085923217550275,0.8416751787538305,0.8178137651821862,0.9139106805293004
424158,student120,2021,0,0.8683729433272395,0.9325842696629213,0.9139676113360324,0.9139106805293004
424160,student121,2021,0,0.8939670932358319,0.8712972420837588,0.9048582995951417,0.9139106805293004
424162,student122,2021,0,0.7733089579524679,0.9121552604698672,0.701417004048583,0.9139106805293004
424164,student123,2021,0,0.7477148080438758,0.8559754851889683,0.8502024291497976,0.9139106805293004
424166,student124,2021,0,0.6745886654478976,0.9499489274770173,0.8168016194331984,0.9139106805293004
424168,student125,2021,0,0.7404021937842779,0.8978549540347294,0.7419028340080972,0.9139106805293004
424170,student126,2021,0,1.0,0.8907048008171603,0.7591093117408907,0.9139106805293004
424172,student127,2021,0,0.5063985374771481,0.81511746680286,0.9483805668016195,0.9139106805293004
424174,student128,2021,0,0.7074954296160878,0.968335035750766,0.6801619433198381,0.9139106805293004
424176,student129,2021,0,0.7038391224862888,0.7783452502553626,0.9777327935222672,0.9139106805293004
424178,student130,2021,0,0.7769652650822668,0.9601634320735444,0.9331983805668017,0.9139106805293004
424180,student131,2021,0,0.8244972577696525,0.9427987742594484,0.9048582995951417,0.9139106805293004
424182,student132,2021,0,0.7221206581352834,0.8426966292134831,0.8542510121457491,0.9139106805293004
424184,student133,2021,0,0.7915904936014624,0.9254341164453523,0.8491902834008098,0.9139106805293004
424186,student134,2021,0,0.9049360146252284,0.8273748723186924,0.5931174089068826,0.9139106805293004
424188,student135,2021,0,0.8135283363802559,0.9356486210418794,0.8572874493927126,0.9139106805293004
424190,student136,2021,0,0.6307129798903107,0.8937691521961184,0.7601214574898785,0.9139106805293004
424192,student137,2021,0,0.7477148080438758,0.9479060265577118,0.9068825910931174,0.9139106805293004
424194,student138,2021,0,0.5539305301645338,0.9009193054136874,0.8674089068825912,0.9139106805293004
424196,student139,2021,0,0.7659963436928703,0.7936670071501531,0.9301619433198381,0.9139106805293004
424198,student140,2021,0,0.879341864716636,0.9448416751787537,0.945344129554656,0.9139106805293004
424200,student141,2021,0,0.7148080438756854,0.9244126659856996,0.6680161943319838,0.9139106805293004
424202,student142,2021,0,0.6599634369287019,0.9172625127681306,0.17813765182186236,0.9139106805293004
424204,student143,2021,0,0.8354661791590494,0.9887640449438201,0.9919028340080972,0.9139106805293004
424206,student144,2021,0,0.47349177330895803,0.8478038815117467,0.8066801619433199,0.9139106805293004
424210,student145,2021,0,0.850091407678245,0.8314606741573034,0.4362348178137652,0.9139106805293004
424212,student146,2021,0,0.926873857404022,0.9499489274770173,0.9109311740890689,0.9139106805293004
424214,student147,2021,0,0.6636197440585009,0.8682328907048008,0.5465587044534413,0.9139106805293004
424216,student148,2021,0,0.7605118829981717,0.9519918283963228,0.7054655870445344,0.9139106805293004
424218,student149,2021,0,0.9488117001828155,0.9499489274770173,0.9554655870445345,0.9139106805293004
424220,student150,2021,0,0.8281535648994515,0.9509703779366699,0.8087044534412956,0.9139106805293004
424222,student151,2021,0,0.7623400365630713,0.9570990806945863,0.9190283400809717,0.9139106805293004
424224,student152,2021,0,0.7001828153564899,0.8283963227783452,0.4898785425101215,0.9139106805293004
424226,student153,2021,0,0.9561243144424131,0.968335035750766,0.9625506072874493,0.9139106805293004
424228,student154,2021,0,0.8208409506398539,0.9703779366700714,0.9008097165991903,0.9139106805293004
424230,student155,2021,0,0.6014625228519196,0.8559754851889683,0.6690283400809717,0.9139106805293004
424232,student156,2021,0,0.846435100548446,0.9560776302349335,0.992914979757085,0.9139106805293004
424234,student157,2021,0,0.6855575868372943,0.9325842696629213,0.5728744939271255,0.9139106805293004
424236,student158,2021,0,0.7440585009140768,0.8610827374872317,0.7348178137651822,0.9139106805293004
424238,student159,2021,0,0.36745886654478976,0.6925434116445351,0.7732793522267207,0.9139106805293004
424240,student160,2021,0,0.8318098720292504,0.9458631256384065,0.8319838056680162,0.9139106805293004
424242,student161,2021,0,0.6234003656307129,0.9039836567926455,0.6487854251012145,0.9139106805293004
424244,student162,2021,0,0.8482632541133456,0.8692543411644534,0.7975708502024291,0.9139106805293004
424246,student163,2021,0,0.8720292504570384,0.9468845760980592,0.9564777327935223,0.9139106805293004
424248,student164,2021,0,0.7623400365630713,0.9070480081716036,0.9625506072874493,0.9139106805293004
424250,student165,2021,0,0.769652650822669,0.898876404494382,0.708502024291498,0.9139106805293004
424252,student166,2021,0,0.5941499085923218,0.9346271705822267,0.6244939271255061,0.9139106805293004
444002,student167,2022,0,0.9122486288848264,0.822267620020429,0.9109311740890689,0.9139106805293004
444004,student168,2022,0,0.6416819012797074,0.5720122574055158,0.812753036437247,0.9139106805293004
444006,student169,2022,0,0.7038391224862888,0.6026557711950971,0.7894736842105263,0.9139106805293004
444008,student170,2022,0,0.9085923217550275,0.6915219611848825,0.728744939271255,0.9139106805293004
444010,student171,2022,0,0.8683729433272395,0.7425944841675178,0.8593117408906883,0.9139106805293004
444012,student172,2022,0,0.9634369287020109,0.9172625127681306,0.9554655870445345,0.9139106805293004
444014,student173,2022,0,0.9085923217550275,0.8079673135852911,0.965587044534413,0.9139106805293004
444016,student174,2022,0,0.7038391224862888,0.4698672114402451,0.8846153846153847,0.9139106805293004
444018,student175,2022,0,0.7074954296160878,0.7048008171603677,0.15182186234817815,0.9139106805293004
444020,student176,2022,0,0.923217550274223,0.9366700715015321,0.9483805668016195,0.9139106805293004
444022,student177,2022,0,0.919561243144424,0.7221654749744637,0.9311740890688259,0.9139106805293004
444024,student178,2022,0,0.926873857404022,0.7711950970377937,0.875506072874494,0.9139106805293004
444026,student179,2022,0,0.4040219378427787,0.5975485188968335,0.6477732793522267,0.9139106805293004
444028,student180,2022,0,0.46252285191956116,0.6210418794688457,0.7560728744939271,0.9139106805293004
444030,student181,2022,0,0.7769652650822668,0.6843718079673136,0.6680161943319838,0.9139106805293004
444032,student182,2022,0,0.7148080438756854,0.6516853932584269,0.7925101214574899,0.9139106805293004
444034,student183,2022,0,0.8208409506398539,0.8457609805924412,0.8603238866396762,0.9139106805293004
444036,student184,2022,0,0.926873857404022,0.8304392236976506,0.812753036437247,0.9139106805293004
444038,student185,2022,0,0.6489945155393053,0.5311542390194075,0.9008097165991903,0.9139106805293004
444040,student186,2022,0,0.7623400365630713,0.8784473953013279,0.9048582995951417,0.9139106805293004
444042,student187,2022,0,0.8610603290676415,0.6802860061287027,0.7935222672064778,0.9139106805293004
444044,student188,2022,0,0.6014625228519196,0.6853932584269662,0.8967611336032388,0.9139106805293004
444046,student189,2022,0,0.47349177330895803,0.515832482124617,0.6902834008097166,0.9139106805293004
444048,student190,2022,0,0.879341864716636,0.7568947906026556,0.6720647773279353,0.9139106805293004
444050,student191,2022,0,0.9341864716636196,0.7425944841675178,0.8279352226720648,0.9139106805293004
444052,student192,2022,0,0.8318098720292504,0.6874361593462717,0.6275303643724697,0.9139106805293004
444054,student193,2022,0,0.809872029250457,0.6384065372829417,0.8016194331983806,0.9139106805293004
444056,student194,2022,0,0.9159049360146251,0.6128702757916241,0.8087044534412956,0.9139106805293004
444058,student195,2022,0,0.8391224862888483,0.8079673135852911,0.8188259109311742,0.9139106805293004
444060,student196,2022,0,0.6672760511882998,0.7405515832482125,0.9078947368421053,0.9139106805293004
444062,student197,2022,0,0.7989031078610603,0.6394279877425945,0.8825910931174089,0.9139106805293004
444064,student198,2022,0,0.6124314442413162,0.5270684371807968,0.8441295546558705,0.9139106805293004
444066,student199,2022,0,0.7806215722120659,0.6741573033707865,0.8238866396761134,0.9139106805293004
444068,student200,2022,0,0.7623400365630713,0.6772216547497446,0.8046558704453441,0.9139106805293004
444070,student201,2022,0,0.7440585009140768,0.6179775280898876,0.8076923076923077,0.9139106805293004
444072,student202,2022,0,0.6489945155393053,0.5597548518896833,0.8441295546558705,0.9139106805293004
444074,student203,2022,0,0.8354661791590494,0.7517875383043922,0.8623481781376519,0.9139106805293004
444076,student204,2022,0,0.6599634369287019,0.5515832482124616,0.7510121457489879,0.9139106805293004
444078,student205,2022,0,0.7477148080438758,0.9193054136874361,0.9170040485829959,0.9139106805293004
444080,student206,2022,0,0.9085923217550275,0.661899897854954,0.7803643724696356,0.9139106805293004
444082,student207,2022,0,0.9049360146252284,0.6414708886618998,0.7904858299595141,0.9139106805293004
444084,student208,2022,0,0.806215722120658,0.7303370786516854,0.9564777327935223,0.9139106805293004
444086,student209,2022,0,0.7806215722120659,0.8253319713993871,0.9858299595141701,0.9139106805293004
444088,student210,2022,0,0.8683729433272395,0.8130745658835545,0.944331983805668,0.9139106805293004
444090,student211,2022,0,0.7769652650822668,0.5873340143003064,0.4453441295546559,0.9139106805293004
444092,student212,2022,0,0.9323583180987203,0.6710929519918284,0.6376518218623481,0.9139106805293004
444094,student213,2022,0,0.9414990859232175,0.8079673135852911,0.9159919028340081,0.9139106805293004
444096,student214,2022,0,0.9049360146252284,0.8120531154239019,0.9574898785425101,0.9139106805293004
444098,student215,2022,0,0.846435100548446,0.9376915219611848,0.8997975708502025,0.9139106805293004
444100,student216,2022,0,0.9817184643510055,0.923391215526047,0.9645748987854251,0.9139106805293004
444102,student217,2022,0,0.8939670932358319,0.916241062308478,0.8744939271255061,0.9139106805293004
444104,student218,2022,0,0.8244972577696525,0.7058222676200203,0.8512145748987854,0.9139106805293004
444106,student219,2022,0,0.8647166361974404,0.9530132788559754,0.9777327935222672,0.9139106805293004
444108,student220,2022,0,0.7842778793418648,0.8866189989785495,0.9068825910931174,0.9139106805293004
444110,student221,2022,0,0.8574040219378428,0.8028600612870275,0.8643724696356276,0.9139106805293004
444112,student222,2022,0,0.8135283363802559,0.6128702757916241,0.8937246963562753,0.9139106805293004
444114,student223,2022,0,0.952468007312614,0.7517875383043922,0.9504048582995952,0.9139106805293004
444116,student224,2022,0,0.6709323583180987,0.8743615934627169,0.8663967611336032,0.9139106805293004
444118,student225,2022,0,0.923217550274223,0.7517875383043922,0.9200404858299596,0.9139106805293004
444120,student226,2022,0,0.6526508226691042,0.6128702757916241,0.8663967611336032,0.9139106805293004
444122,student227,2022,0,0.7861060329067642,0.6241062308478038,0.8694331983805669,0.9139106805293004
444124,student228,2022,0,0.9122486288848264,0.9570990806945863,0.9787449392712552,0.9139106805293004
444126,student229,2022,0,0.5063985374771481,0.8457609805924412,0.7965587044534413,0.9139106805293004
444128,student230,2022,0,0.8244972577696525,0.7660878447395301,0.9716599190283401,0.9139106805293004
444130,student231,2022,0,0.886654478976234,0.7967313585291113,0.951417004048583,0.9139106805293004
444132,student232,2022,0,0.8610603290676415,0.738508682328907,0.945344129554656,0.9139106805293004
444134,student233,2022,0,0.7915904936014624,0.6332992849846782,0.9534412955465588,0.9139106805293004
444136,student234,2022,0,0.842778793418647,0.6915219611848825,0.9058704453441295,0.9139106805293004
444138,student235,2022,0,0.7842778793418648,0.7303370786516854,0.9645748987854251,0.9139106805293004
444140,student236,2022,0,0.9049360146252284,0.9141981613891725,0.9888663967611336,0.9139106805293004
444142,student237,2022,0,0.7367458866544789,0.6384065372829417,0.7914979757085021,0.9139106805293004
444144,student238,2022,0,0.7513711151736745,0.7987742594484167,0.8512145748987854,0.9139106805293004
444146,student239,2022,0,0.7659963436928703,0.6486210418794688,0.9200404858299596,0.9139106805293004
444148,student240,2022,0,0.8756855575868373,0.7589376915219611,0.9433198380566802,0.9139106805293004
444150,student241,2022,0,0.8135283363802559,0.6751787538304391,0.9554655870445345,0.9139106805293004
444152,student242,2022,0,0.926873857404022,0.9530132788559754,0.9807692307692308,0.9139106805293004
444154,student243,2022,0,0.7038391224862888,0.7303370786516854,0.8917004048582996,0.9139106805293004
444156,student244,2022,0,0.8025594149908593,0.7711950970377937,0.840080971659919,0.9139106805293004
444158,student245,2022,0,0.7952468007312614,0.5699693564862104,0.7580971659919029,0.9139106805293004
444160,student246,2022,0,0.6179159049360146,0.5638406537282942,0.6255060728744939,0.9139106805293004
444162,student247,2022,0,0.9451553930530164,0.804902962206333,0.8987854251012146,0.9139106805293004
444164,student248,2022,0,0.8574040219378428,0.7763023493360571,0.9595141700404858,0.9139106805293004
444166,student249,2022,0,0.7733089579524679,0.7048008171603677,0.8805668016194332,0.9139106805293004
444168,student250,2022,0,0.6270566727605118,0.7660878447395301,0.8582995951417004,0.9139106805293004
444170,student251,2022,0,0.850091407678245,0.6639427987742594,0.701417004048583,0.9139106805293004
444172,student252,2022,0,0.8683729433272395,0.7742594484167518,0.986842105263158,0.9139106805293004
444174,student253,2022,0,0.7879341864716635,0.9325842696629213,0.9554655870445345,0.9139106805293004
444176,student254,2022,0,0.809872029250457,0.7691521961184882,0.951417004048583,0.9139106805293004
444178,student255,2022,0,0.919561243144424,0.8855975485188968,0.8704453441295547,0.9139106805293004
444180,student256,2022,0,0.6526508226691042,0.5985699693564862,0.7753036437246963,0.9139106805293004
444182,student257,2022,0,0.850091407678245,0.7609805924412666,0.7854251012145749,0.9139106805293004
444184,student258,2022,0,0.9890310786106031,1.0,0.9119433198380567,0.9139106805293004
444186,student259,2022,0,0.9085923217550275,0.7528089887640449,0.6285425101214576,0.9139106805293004
444188,student260,2022,0,0.7184643510054843,0.6588355464759958,0.7803643724696356,0.9139106805293004
444190,student261,2022,0,0.5722120658135282,0.6281920326864147,0.8157894736842105,0.9139106805293004
444192,student262,2022,0,0.769652650822669,0.8661899897854953,0.819838056680162,0.9139106805293004
444194,student263,2022,0,0.8318098720292504,0.7763023493360571,0.840080971659919,0.9139106805293004
444196,student264,2022,0,0.6215722120658135,0.8355464759959141,0.8734817813765182,0.9139106805293004
444198,student265,2022,0,0.8683729433272395,0.7967313585291113,0.8582995951417004,0.9139106805293004
444200,student266,2022,0,0.9012797074954295,0.8355464759959141,0.9848178137651822,0.9139106805293004
444202,student267,2022,0,0.7733089579524679,0.7660878447395301,0.825910931174089,0.9139106805293004
444204,student268,2022,0,0.8318098720292504,0.6639427987742594,0.8947368421052633,0.9139106805293004
444206,student269,2022,0,0.7623400365630713,0.5291113381001021,0.5141700404858299,0.9139106805293004
444208,student270,2022,0,0.7440585009140768,0.9203268641470888,0.8836032388663968,0.9139106805293004
444210,student271,2022,0,0.7074954296160878,0.7834525025536261,0.9645748987854251,0.9139106805293004
444212,student272,2022,0,0.5941499085923218,0.7007150153217568,0.3603238866396761,0.9139106805293004
444214,student273,2022,0,0.7330895795246799,0.9050051072522981,0.75,0.9139106805293004
444216,student274,2022,0,0.6343692870201098,0.7568947906026556,0.9746963562753036,0.9139106805293004
444218,student275,2022,0,0.8756855575868373,0.9223697650663942,0.9736842105263158,0.9139106805293004
444220,student276,2022,0,0.7385740402193784,0.7507660878447395,0.881578947368421,0.9139106805293004
444222,student277,2022,0,0.6672760511882998,0.5985699693564862,0.8522267206477734,0.9139106805293004
444224,student278,2022,0,0.7842778793418648,0.6853932584269662,0.8279352226720648,0.9139106805293004
444226,student279,2022,0,0.9378427787934186,0.6843718079673136,0.9504048582995952,0.9139106805293004
444228,student280,2022,0,0.952468007312614,0.8488253319713993,0.813765182186235,0.9139106805293004
444230,student281,2022,0,0.959780621572212,0.5566905005107252,0.8421052631578948,0.9139106805293004
444232,student282,2022,0,0.6526508226691042,0.7579162410623085,0.9787449392712552,0.9139106805293004
444234,student283,2022,0,0.923217550274223,0.7875383043922368,0.9574898785425101,0.9139106805293004
444236,student284,2022,0,0.6563071297989032,0.8100102145045964,0.9888663967611336,0.9139106805293004
444238,student285,2022,0,0.8318098720292504,0.5699693564862104,0.5111336032388664,0.9139106805293004
444240,student286,2022,0,0.879341864716636,0.755873340143003,0.9058704453441295,0.9139106805293004
444242,student287,2022,0,0.7221206581352834,0.8140960163432074,0.7904858299595141,0.9139106805293004
444244,student288,2022,0,0.7842778793418648,0.637385086823289,0.8390688259109312,0.9139106805293004
444246,student289,2022,0,0.882998171846435,0.8355464759959141,0.938259109311741,0.9139106805293004
444248,student290,2022,0,0.8354661791590494,0.9223697650663942,0.9554655870445345,0.9139106805293004
444250,student291,2022,0,0.7367458866544789,0.7048008171603677,0.7651821862348178,0.9139106805293004
444252,student292,2022,0,0.850091407678245,0.773237997957099,0.861336032388664,0.9139106805293004
444254,student293,2022,0,0.8025594149908593,0.7282941777323799,0.7803643724696356,0.9139106805293004
444502,student294,2022,0,0.5575868372943327,0.0,0.8246661138711862,0.9597826086956521
444504,student295,2022,0,0.7257769652650823,0.0,0.8246661138711862,0.9619565217391305
444506,student296,2022,0,0.6892138939670932,0.0,0.8246661138711862,0.9249999999999999
444508,student297,2022,0,0.6124314442413162,0.0,0.8246661138711862,0.9380434782608695
444510,student298,2022,0,0.38208409506398544,0.0,0.8246661138711862,0.9315217391304348
444512,student299,2022,0,0.6526508226691042,0.0,0.8246661138711862,0.9500000000000001
444514,student300,2022,0,0.6416819012797074,0.0,0.8246661138711862,0.8793478260869566
444516,student301,2022,0,0.919561243144424,0.0,0.8246661138711862,0.9836956521739131
444518,student302,2022,0,0.510054844606947,0.0,0.8246661138711862,0.9326086956521739
444520,student303,2022,0,0.8702010968921388,0.0,0.8246661138711862,0.9728260869565217
444522,student304,2022,0,0.886654478976234,0.0,0.8246661138711862,0.9836956521739131
444524,student305,2022,0,0.8391224862888483,0.0,0.8246661138711862,0.9782608695652174
464002,student306,2023,0,0.879341864716636,0.7272727272727273,0.9159919028340081,0.9139106805293004
464004,student307,2023,0,0.7787934186471662,0.8416751787538305,0.8097165991902834,0.9139106805293004
464006,student308,2023,0,0.9305301645338209,0.8304392236976506,0.5010121457489879,0.9139106805293004
464008,student309,2023,0,0.8263254113345521,0.7201225740551583,0.819838056680162,0.9139106805293004
464012,student310,2023,0,0.7989031078610603,0.7620020429009192,0.937246963562753,0.9139106805293004
464014,student311,2023,0,0.879341864716636,0.6956077630234933,0.9493927125506073,0.9139106805293004
464016,student312,2023,0,0.9122486288848264,0.9356486210418794,0.9534412955465588,0.9139106805293004
464018,student313,2023,0,0.7769652650822668,0.6292134831460674,0.7601214574898785,0.9139106805293004
464020,student314,2023,0,0.7806215722120659,0.6067415730337078,0.9716599190283401,0.9139106805293004
464022,student315,2023,0,0.882998171846435,0.7946884576098059,0.9554655870445345,0.9139106805293004
464024,student316,2023,0,0.8354661791590494,0.6435137895812053,0.7793522267206477,0.9139106805293004
464026,student317,2023,0,0.4405850091407677,0.6281920326864147,0.9190283400809717,0.9139106805293004
464028,student318,2023,0,0.5539305301645338,0.8069458631256383,0.9888663967611336,0.9139106805293004
464030,student319,2023,0,0.7367458866544789,0.891726251276813,0.9392712550607287,0.9139106805293004
464032,student320,2023,0,0.8976234003656306,0.7885597548518897,0.9534412955465588,0.9139106805293004
464034,student321,2023,0,0.6453382084095063,0.8069458631256383,0.7874493927125507,0.9139106805293004
464036,student322,2023,0,0.7111517367458867,0.5617977528089887,0.8502024291497976,0.9139106805293004
464038,student323,2023,0,0.8446069469835467,0.738508682328907,0.8643724696356276,0.9139106805293004
464040,student324,2023,0,0.9305301645338209,0.6598569969356485,0.7672064777327935,0.9139106805293004
464042,student325,2023,0,0.879341864716636,0.7538304392236975,0.8421052631578948,0.9139106805293004
464044,student326,2023,0,0.6270566727605118,0.6006128702757916,0.7763157894736843,0.9139106805293004
464046,student327,2023,0,0.9012797074954295,0.7323799795709908,0.7621457489878543,0.9139106805293004
464048,student328,2023,0,0.9049360146252284,0.5873340143003064,0.5141700404858299,0.9139106805293004
464050,student329,2023,0,0.6928702010968922,0.6251276813074566,0.8441295546558705,0.9139106805293004
464052,student330,2023,0,0.9744058500914076,0.8437180796731357,0.9038461538461539,0.9139106805293004
464054,student331,2023,0,0.9341864716636196,0.7048008171603677,0.8441295546558705,0.9139106805293004
464056,student332,2023,0,0.8848263254113347,0.7180796731358529,0.9200404858299596,0.9139106805293004
464058,student333,2023,0,0.7586837294332723,0.6281920326864147,0.8319838056680162,0.9139106805293004
464060,student334,2023,0,0.8720292504570384,0.6435137895812053,0.8097165991902834,0.9139106805293004
464062,student335,2023,0,0.8135283363802559,0.7466802860061286,0.8248987854251012,0.9139106805293004
464064,student336,2023,0,0.7111517367458867,0.7109295199182839,0.8987854251012146,0.9139106805293004
464066,student337,2023,0,0.952468007312614,0.9152196118488252,0.9686234817813766,0.9139106805293004
464068,student338,2023,0,0.40585009140767825,0.599591419816139,0.9878542510121457,0.9139106805293004
464070,student339,2023,0,0.8208409506398539,0.605720122574055,0.8522267206477734,0.9139106805293004
464072,student340,2023,0,0.842778793418647,0.661899897854954,0.7874493927125507,0.9139106805293004
464074,student341,2023,0,0.7842778793418648,0.6700715015321755,0.7894736842105263,0.9139106805293004
464076,student342,2023,0,0.919561243144424,0.7681307456588355,0.8552631578947368,0.9139106805293004
464078,student343,2023,0,0.7477148080438758,0.7282941777323799,0.8552631578947368,0.9139106805293004
464080,student344,2023,0,0.8171846435100548,0.9274770173646577,0.9757085020242916,0.9139106805293004
464082,student345,2023,0,0.8537477148080439,0.6179775280898876,0.8248987854251012,0.9139106805293004
464084,student346,2023,0,0.8244972577696525,0.7425944841675178,0.8441295546558705,0.9139106805293004
464086,student347,2023,0,0.992687385740402,0.8508682328907047,0.7935222672064778,0.9139106805293004
464088,student348,2023,0,0.8647166361974404,0.6598569969356485,0.8188259109311742,0.9139106805293004
464090,student349,2023,0,0.5868372943327238,0.7405515832482125,0.9574898785425101,0.9139106805293004
464092,student350,2023,0,0.7074954296160878,0.595505617977528,0.7591093117408907,0.9139106805293004
464094,student351,2023,0,0.7952468007312614,0.605720122574055,0.7621457489878543,0.9139106805293004
464096,student352,2023,0,0.5594149908592321,0.5617977528089887,0.7601214574898785,0.9139106805293004
464098,student353,2023,0,0.8537477148080439,0.7323799795709908,0.9281376518218624,0.9139106805293004
464100,student354,2023,0,0.7111517367458867,0.6598569969356485,0.7995951417004049,0.9139106805293004
464102,student355,2023,0,0.7879341864716635,0.755873340143003,0.9261133603238867,0.9139106805293004
464104,student356,2023,0,0.9707495429616086,0.748723186925434,0.9311740890688259,0.9139106805293004
464106,student357,2023,0,0.9414990859232175,0.9203268641470888,0.9665991902834008,0.9139106805293004
464108,student358,2023,0,0.8135283363802559,0.7456588355464759,0.9767206477732794,0.9139106805293004
464110,student359,2023,0,0.9378427787934186,0.8886618998978549,0.9898785425101214,0.9139106805293004
464112,student360,2023,0,0.6124314442413162,0.6394279877425945,0.7935222672064778,0.9139106805293004
464114,student361,2023,0,0.959780621572212,0.67926455566905,0.7429149797570851,0.9139106805293004
464116,student362,2023,0,0.2760511882998172,0.6414708886618998,0.8846153846153847,0.9139106805293004
464118,student363,2023,0,0.8756855575868373,0.7078651685393258,0.8734817813765182,0.9139106805293004
464120,student364,2023,0,0.5612431444241317,0.6976506639427987,0.8066801619433199,0.9139106805293004
464122,student365,2023,0,0.7184643510054843,0.8018386108273748,0.7348178137651822,0.9139106805293004
464124,student366,2023,0,0.8171846435100548,0.6639427987742594,0.7277327935222673,0.9139106805293004
464126,student367,2023,0,0.9012797074954295,0.8069458631256383,0.9078947368421053,0.9139106805293004
464128,student368,2023,0,0.8976234003656306,0.8753830439223698,0.9746963562753036,0.9139106805293004
464130,student369,2023,0,0.9159049360146251,0.7477017364657814,0.9230769230769231,0.9139106805293004
464132,student370,2023,0,0.882998171846435,0.67926455566905,0.8076923076923077,0.9139106805293004
464134,student371,2023,0,0.5941499085923218,0.5464759959141982,0.47368421052631576,0.9139106805293004
464136,student372,2023,0,0.7367458866544789,0.8426966292134831,0.9493927125506073,0.9139106805293004
464138,student373,2023,0,0.923217550274223,0.7528089887640449,0.5738866396761134,0.9139106805293004
464140,student374,2023,0,0.9378427787934186,0.8478038815117467,0.9493927125506073,0.9139106805293004
464142,student375,2023,0,0.9963436928702011,0.8866189989785495,0.9574898785425101,0.9139106805293004
464144,student376,2023,0,0.8939670932358319,0.644535240040858,0.9595141700404858,0.9139106805293004
464146,student377,2023,0,0.6672760511882998,0.5240040858018385,0.7621457489878543,0.9139106805293004
464148,student378,2023,0,0.6672760511882998,0.6537282941777324,0.6781376518218624,0.9139106805293004
464150,student379,2023,0,0.9488117001828155,0.8621041879468846,0.8734817813765182,0.9139106805293004
464152,student380,2023,0,0.7312614259597806,0.6976506639427987,0.8866396761133603,0.9139106805293004
464154,student381,2023,0,0.8720292504570384,0.6210418794688457,0.9625506072874493,0.9139106805293004
464156,student382,2023,0,0.8318098720292504,0.5566905005107252,0.7327935222672065,0.9139106805293004
464158,student383,2023,0,0.9177330895795247,0.7170582226762002,0.9220647773279352,0.9139106805293004
464160,student384,2023,0,0.9341864716636196,0.7844739530132788,0.8512145748987854,0.9139106805293004
464162,student385,2023,0,0.8610603290676415,0.6690500510725229,0.7388663967611336,0.9139106805293004
464164,student386,2023,0,0.7806215722120659,0.7252298263534218,0.9119433198380567,0.9139106805293004
464166,student387,2023,0,0.5868372943327238,0.5903983656792645,0.4352226720647773,0.9139106805293004
464168,student388,2023,0,0.6745886654478976,0.5842696629213483,0.8714574898785424,0.9139106805293004
464170,student389,2023,0,0.8592321755027422,0.9009193054136874,0.9706477732793524,0.9139106805293004
464172,student390,2023,0,0.7769652650822668,0.7272727272727273,0.7753036437246963,0.9139106805293004
464174,student391,2023,0,0.9817184643510055,0.6772216547497446,0.9129554655870445,0.9139106805293004
464176,student392,2023,0,0.6636197440585009,0.7742594484167518,0.6852226720647774,0.9139106805293004
464178,student393,2023,0,0.7148080438756854,0.6670071501532175,0.7591093117408907,0.9139106805293004
464180,student394,2023,0,0.4771480804387567,0.6159346271705821,0.7793522267206477,0.9139106805293004
464182,student395,2023,0,0.6453382084095063,0.7599591419816139,0.9200404858299596,0.9139106805293004
464184,student396,2023,0,0.8281535648994515,0.7987742594484167,0.8694331983805669,0.9139106805293004
464186,student397,2023,0,0.919561243144424,0.8406537282941776,0.9777327935222672,0.9139106805293004
464188,student398,2023,0,0.9122486288848264,0.6813074565883555,0.8795546558704455,0.9139106805293004
464190,student399,2023,0,0.9012797074954295,0.6210418794688457,0.6973684210526316,0.9139106805293004
464192,student400,2023,0,0.7586837294332723,0.672114402451481,0.7601214574898785,0.9139106805293004
464194,student401,2023,0,0.8647166361974404,0.6710929519918284,0.9342105263157895,0.9139106805293004
464196,student402,2023,0,0.9378427787934186,0.6996935648621041,0.7935222672064778,0.9139106805293004
464198,student403,2023,0,0.7367458866544789,0.7180796731358529,0.9908906882591094,0.9139106805293004
464200,student404,2023,0,0.5539305301645338,0.567926455566905,0.5738866396761134,0.9139106805293004
464202,student405,2023,0,0.9890310786106031,0.8651685393258427,0.8066801619433199,0.9139106805293004
464204,student406,2023,0,0.9414990859232175,0.773237997957099,0.8431174089068826,0.9139106805293004
464206,student407,2023,0,0.7257769652650823,0.8457609805924412,0.9736842105263158,0.9139106805293004
464208,student408,2023,0,0.9049360146252284,0.6925434116445351,0.9321862348178137,0.9139106805293004
464212,student409,2023,0,0.6453382084095063,0.595505617977528,0.8876518218623483,0.9139106805293004
464214,student410,2023,0,0.9122486288848264,0.6516853932584269,0.8248987854251012,0.9139106805293004
464216,student411,2023,0,0.6928702010968922,0.644535240040858,0.7894736842105263,0.9139106805293004
464218,student412,2023,0,0.9561243144424131,0.7099080694586312,0.9787449392712552,0.9139106805293004
464220,student413,2023,0,0.7477148080438758,0.6996935648621041,0.7449392712550607,0.9139106805293004
464222,student414,2023,0,0.8811700182815356,0.6772216547497446,0.7773279352226721,0.9139106805293004
464224,student415,2023,0,0.8610603290676415,0.9193054136874361,0.834008097165992,0.9139106805293004
464226,student416,2023,0,0.7184643510054843,0.7528089887640449,0.9210526315789473,0.9139106805293004
464228,student417,2023,0,0.7074954296160878,0.6506639427987743,0.8906882591093118,0.9139106805293004
464230,student418,2023,0,0.6270566727605118,0.5669050051072523,0.8704453441295547,0.9139106805293004
464232,student419,2023,0,0.6124314442413162,0.7048008171603677,0.7904858299595141,0.9139106805293004
464234,student420,2023,0,0.9341864716636196,0.9805924412665985,1.0,0.9139106805293004
464236,student421,2023,0,0.879341864716636,0.7456588355464759,0.8906882591093118,0.9139106805293004
464238,student422,2023,0,0.9140767824497257,0.6874361593462717,0.6447368421052632,0.9139106805293004
464240,student423,2023,0,0.8025594149908593,0.6332992849846782,0.6325910931174089,0.9139106805293004
464242,student424,2023,0,0.6307129798903107,0.5852911133810009,0.7692307692307693,0.9139106805293004
464244,student425,2023,0,0.8208409506398539,0.738508682328907,0.8117408906882592,0.9139106805293004
464246,student426,2023,0,0.8171846435100548,0.7160367722165474,0.7429149797570851,0.9139106805293004
464248,student427,2023,0,0.8409506398537476,0.7068437180796732,0.5657894736842105,0.9139106805293004
464250,student428,2023,0,0.8007312614259597,0.6772216547497446,0.75,0.9139106805293004
464252,student429,2023,0,0.923217550274223,0.8171603677221654,0.9605263157894738,0.9139106805293004
464254,student430,2023,0,0.923217550274223,0.8069458631256383,0.819838056680162,0.9139106805293004
464256,student431,2023,0,0.9305301645338209,0.6843718079673136,0.819838056680162,0.9139106805293004
464258,student432,2023,0,0.7714808043875686,0.6945863125638406,0.8076923076923077,0.9139106805293004
464260,student433,2023,0,0.846435100548446,0.7231869254341163,0.8421052631578948,0.9139106805293004
464262,student434,2023,0,0.6563071297989032,0.6128702757916241,0.7429149797570851,0.9139106805293004
464264,student435,2023,0,0.6544789762340035,0.6179775280898876,0.8593117408906883,0.9139106805293004
464266,student436,2023,0,0.7221206581352834,0.6956077630234933,0.8431174089068826,0.9139106805293004
464268,student437,2023,0,0.7952468007312614,0.8559754851889683,0.979757085020243,0.9139106805293004
464270,student438,2023,0,0.9159049360146251,0.916241062308478,0.9878542510121457,0.9139106805293004
464272,student439,2023,0,0.9488117001828155,0.9039836567926455,0.9848178137651822,0.9139106805293004
464274,student440,2023,0,0.8171846435100548,0.8631256384065372,0.9767206477732794,0.9139106805293004
464276,student441,2023,0,0.7038391224862888,0.755873340143003,0.6983805668016194,0.9139106805293004
464278,student442,2023,0,0.9963436928702011,0.8457609805924412,0.9746963562753036,0.9139106805293004
464280,student443,2023,0,0.7477148080438758,0.5924412665985699,0.7054655870445344,0.9139106805293004
464282,student444,2023,0,0.9488117001828155,0.7282941777323799,0.9089068825910931,0.9139106805293004
464284,student445,2023,0,0.923217550274223,0.7691521961184882,0.965587044534413,0.9139106805293004
464286,student446,2023,0,0.7989031078610603,0.6486210418794688,0.7935222672064778,0.9139106805293004
464288,student447,2023,0,0.7001828153564899,0.7109295199182839,0.8502024291497976,0.9139106805293004
464290,student448,2023,0,0.6270566727605118,0.748723186925434,0.8997975708502025,0.9139106805293004
464292,student449,2023,0,0.8939670932358319,0.6486210418794688,0.8987854251012146,0.9139106805293004
464294,student450,2023,0,0.9159049360146251,0.9121552604698672,0.45040485829959515,0.9139106805293004
464296,student451,2023,0,0.5027422303473491,0.5720122574055158,0.8522267206477734,0.9139106805293004
464298,student452,2023,0,0.9305301645338209,0.8355464759959141,0.9736842105263158,0.9139106805293004
464300,student453,2023,0,0.882998171846435,0.7660878447395301,0.7834008097165993,0.9139106805293004
464302,student454,2023,0,0.9378427787934186,0.8590398365679264,0.9777327935222672,0.9139106805293004
464304,student455,2023,0,0.7842778793418648,0.6751787538304391,0.8532388663967612,0.9139106805293004
464306,student456,2023,0,0.9049360146252284,0.8304392236976506,0.9736842105263158,0.9139106805293004
464308,student457,2023,0,0.7111517367458867,0.8743615934627169,0.9787449392712552,0.9139106805293004
464310,student458,2023,0,0.7513711151736745,0.6567926455566905,0.7722672064777328,0.9139106805293004
464312,student459,2023,0,0.769652650822669,0.567926455566905,0.47874493927125505,0.9139106805293004
464314,student460,2023,0,0.9012797074954295,0.8028600612870275,0.986842105263158,0.9139106805293004
464316,student461,2023,0,0.7915904936014624,0.7579162410623085,0.7004048582995952,0.9139106805293004
464318,student462,2023,0,0.6489945155393053,0.6128702757916241,0.7672064777327935,0.9139106805293004
464320,student463,2023,0,0.8702010968921388,0.7742594484167518,0.7753036437246963,0.9139106805293004
464322,student464,2023,0,0.9305301645338209,0.9662921348314606,0.9635627530364373,0.9139106805293004
464324,student465,2023,0,0.6819012797074954,0.67926455566905,0.9706477732793524,0.9139106805293004
464326,student466,2023,0,0.8318098720292504,0.8610827374872317,0.9746963562753036,0.9139106805293004
464328,student467,2023,0,0.846435100548446,0.7589376915219611,0.9574898785425101,0.9139106805293004
464330,student468,2023,0,0.7001828153564899,0.6608784473953013,0.9463562753036437,0.9139106805293004
464332,student469,2023,0,0.7513711151736745,0.7048008171603677,0.8289473684210528,0.9139106805293004
464334,student470,2023,0,0.6453382084095063,0.6823289070480081,0.9210526315789473,0.9139106805293004
464336,student471,2023,0,0.5978062157221207,0.526046986721144,0.9878542510121457,0.9139106805293004
464338,student472,2023,0,0.7404021937842779,0.6956077630234933,0.8896761133603239,0.9139106805293004
464340,student473,2023,0,0.919561243144424,0.7895812053115423,0.8431174089068826,0.9139106805293004
464342,student474,2023,0,0.6343692870201098,0.5883554647599591,0.7429149797570851,0.9139106805293004
464344,student475,2023,0,0.8537477148080439,0.5985699693564862,0.8522267206477734,0.9139106805293004
464346,student476,2023,0,0.7184643510054843,0.6138917262512767,0.8724696356275304,0.9139106805293004
464348,student477,2023,0,0.6782449725776963,0.6159346271705821,0.8785425101214575,0.9139106805293004
464350,student478,2023,0,0.8903107861060329,0.7007150153217568,0.3451417004048583,0.9139106805293004
464352,student479,2023,0,0.7623400365630713,0.7364657814096015,0.861336032388664,0.9139106805293004
464354,student480,2023,0,0.6928702010968922,0.6435137895812053,0.9676113360323886,0.9139106805293004
464356,student481,2023,0,0.6270566727605118,0.6343207354443309,0.8522267206477734,0.9139106805293004
464358,student482,2023,0,0.7221206581352834,0.6496424923391215,0.520242914979757,0.9139106805293004
464360,student483,2023,0,0.7989031078610603,0.6281920326864147,0.9787449392712552,0.9139106805293004
464362,student484,2023,0,0.8939670932358319,0.6159346271705821,0.757085020242915,0.9139106805293004
464364,student485,2023,0,0.7879341864716635,0.6659856996935648,0.9159919028340081,0.9139106805293004
464366,student486,2023,0,0.6234003656307129,0.6588355464759958,0.7692307692307693,0.9139106805293004
464368,student487,2023,0,0.9561243144424131,0.7201225740551583,0.8441295546558705,0.9139106805293004
464370,student488,2023,0,0.9378427787934186,0.804902962206333,0.8825910931174089,0.9139106805293004
464372,student489,2023,0,0.6928702010968922,0.6700715015321755,0.7611336032388665,0.9139106805293004
464374,student490,2023,0,0.6124314442413162,0.6435137895812053,0.7672064777327935,0.9139106805293004
464376,student491,2023,0,0.9561243144424131,0.8120531154239019,0.9129554655870445,0.9139106805293004
464502,student492,2023,0,0.7111517367458867,0.0,0.8246661138711862,0.9119565217391304
464504,student493,2023,0,0.6124314442413162,0.0,0.8246661138711862,0.8695652173913043
464506,student494,2023,0,0.6526508226691042,0.0,0.8246661138711862,0.8771739130434782
464508,student495,2023,0,0.7952468007312614,0.0,0.8246661138711862,0.9565217391304348
464510,student496,2023,0,0.8354661791590494,0.0,0.8246661138711862,0.8630434782608696
464512,student497,2023,0,0.6892138939670932,0.0,0.8246661138711862,0.9576086956521739
464514,student498,2023,0,0.4478976234003656,0.0,0.8246661138711862,0.9500000000000001
464516,student499,2023,0,0.7659963436928703,0.0,0.8246661138711862,0.8760869565217391
464518,student500,2023,0,0.8592321755027422,0.0,0.8246661138711862,0.9543478260869565
464520,student501,2023,0,0.8281535648994515,0.7141313684577903,0.8246661138711862,0.8858695652173914
464522,student502,2023,0,0.8171846435100548,0.0,0.8246661138711862,0.0
464524,student503,2023,0,0.7513711151736745,0.0,0.8246661138711862,0.8586956521739131
484002,student504,2024,0,0.8043875685557587,0.6673135852911133,0.8958131578947368,0.9139106805293004
484006,student505,2024,0,0.7769652650822668,0.7446373850868233,0.8724696356275304,0.9139106805293004
484008,student506,2024,0,0.926873857404022,0.8444330949948927,0.8477021255060729,0.9139106805293004
484010,student507,2024,0,0.8208409506398539,0.804902962206333,0.6892712550607287,0.9139106805293004
484012,student508,2024,0,0.8775137111517367,0.7081716036772217,0.7644201417004048,0.9139106805293004
484014,student509,2024,0,0.8171846435100548,0.8052093973442287,0.9501113360323886,0.9139106805293004
484016,student510,2024,0,0.9451553930530164,0.8086823289070479,0.9639298582995952,0.9139106805293004
484018,student511,2024,0,0.6819012797074954,0.6486210418794688,0.9746963562753036,0.9139106805293004
484020,student512,2024,0,0.4881170018281536,0.5393258426966292,0.9767206477732794,0.9139106805293004
484022,student513,2024,0,0.886654478976234,0.7371807967313585,0.8124937246963563,0.9139106805293004
484024,student514,2024,0,0.7842778793418648,0.8035750766087845,0.8389277327935223,0.9139106805293004
484026,student515,2024,0,0.6343692870201098,0.5379979570990807,0.4077411943319838,0.9139106805293004
484028,student516,2024,0,0.6709323583180987,0.7099080694586312,0.8734817813765182,0.9139106805293004
484030,student517,2024,0,0.7221206581352834,0.5226762002042901,0.7031214574898786,0.9139106805293004
484032,student518,2024,0,0.7733089579524679,0.7065372829417773,0.7348178137651822,0.9139106805293004
484034,student519,2024,0,0.9012797074954295,0.8767109295199182,0.9014615384615385,0.9139106805293004
484036,student520,2024,0,0.7550274223034734,0.6213483146067416,0.6840080971659919,0.9139106805293004
484038,student521,2024,0,0.9817184643510055,0.7609805924412666,0.9321236842105263,0.9139106805293004
484040,student522,2024,0,0.9872029250457038,0.932890704800817,0.9884615384615385,0.9139106805293004
484042,student523,2024,0,0.8756855575868373,0.7354443309499489,0.787921052631579,0.9139106805293004
484044,student524,2024,0,0.6234003656307129,0.7568947906026556,0.7398785425101214,0.9139106805293004
484046,student525,2024,0,0.809872029250457,0.7814096016343207,0.8265063765182186,0.9139106805293004
484048,student526,2024,0,0.8135283363802559,0.755873340143003,0.6983805668016194,0.9139106805293004
484050,student527,2024,0,0.9444241316270565,0.8256384065372829,0.8649206477732794,0.9139106805293004
484052,student528,2024,0,0.5941499085923218,0.6486210418794688,0.7782368421052631,0.9139106805293004
484054,student529,2024,0,0.9305301645338209,0.7898876404494382,0.8236223684210526,0.9139106805293004
484056,student530,2024,0,0.8318098720292504,0.6060265577119509,0.4339068825910931,0.9139106805293004
484058,student531,2024,0,0.9049360146252284,0.7538304392236975,0.7692307692307693,0.9139106805293004
484060,student532,2024,0,0.8318098720292504,0.769458631256384,0.7246616396761134,0.9139106805293004
484062,student533,2024,0,0.8939670932358319,0.6775280898876404,0.7588148785425102,0.9139106805293004
484064,student534,2024,0,0.8354661791590494,0.8393258426966291,0.7227107287449392,0.9139106805293004
484066,student535,2024,0,0.6526508226691042,0.5842696629213483,0.7722672064777328,0.9139106805293004
484068,student536,2024,0,0.6709323583180987,0.5771195097037793,0.7433198380566801,0.9139106805293004
484070,student537,2024,0,0.8208409506398539,0.7456588355464759,0.8277327935222673,0.9139106805293004
484072,student538,2024,0,0.7367458866544789,0.8661899897854953,0.9908906882591094,0.9139106805293004
484074,student539,2024,0,0.7477148080438758,0.7643513789581204,0.9036437246963563,0.9139106805293004
484076,student540,2024,0,0.5575868372943327,0.5804902962206332,0.6237854251012146,0.9139106805293004
484078,student541,2024,0,0.6745886654478976,0.7252298263534218,0.8612348178137652,0.9139106805293004
484080,student542,2024,0,0.8647166361974404,0.8508682328907047,0.6761133603238866,0.9139106805293004
484082,student543,2024,0,0.9012797074954295,0.7729315628192033,0.9738352226720649,0.9139106805293004
484084,student544,2024,0,0.6142595978062156,0.6261491317671092,0.7469635627530364,0.9139106805293004
484086,student545,2024,0,0.8683729433272395,0.7814096016343207,0.8410931174089068,0.9139106805293004
484088,student546,2024,0,0.9159049360146251,0.7793667007150152,0.8552631578947368,0.9139106805293004
484090,student547,2024,0,0.6526508226691042,0.6690500510725229,0.8390688259109312,0.9139106805293004
484092,student548,2024,0,0.7330895795246799,0.755873340143003,0.7651821862348178,0.9139106805293004
484094,student549,2024,0,0.5904936014625227,0.5740551583248212,0.8076923076923077,0.9139106805293004
484096,student550,2024,0,0.926873857404022,0.7780388151174668,0.8620445344129555,0.9139106805293004
484098,student551,2024,0,0.8281535648994515,0.81511746680286,0.8147773279352227,0.9139106805293004
484100,student552,2024,0,0.8318098720292504,0.595505617977528,0.7338056680161944,0.9139106805293004
484102,student553,2024,0,0.8257769652650823,0.692849846782431,0.840080971659919,0.9139106805293004
484104,student554,2024,0,0.6197440585009142,0.7303370786516854,0.771255060728745,0.9139106805293004
484106,student555,2024,0,0.8574040219378428,0.7234933605720122,0.8448384615384615,0.9139106805293004
484108,student556,2024,0,0.7440585009140768,0.8478038815117467,0.8947368421052633,0.9139106805293004
484110,student557,2024,0,0.7184643510054843,0.6394279877425945,0.7742914979757085,0.9139106805293004
484112,student558,2024,0,0.7842778793418648,0.7763023493360571,0.6862348178137652,0.9139106805293004
484114,student559,2024,0,0.886654478976234,0.6503575076608784,0.6974220647773279,0.9139106805293004
484116,student560,2024,0,0.7074954296160878,0.8154239019407558,0.7740779352226721,0.9139106805293004
484118,student561,2024,0,0.9414990859232175,0.894790602655771,0.9817813765182186,0.9139106805293004
484120,student562,2024,0,0.919561243144424,0.8597548518896834,0.9635627530364373,0.9139106805293004
484122,student563,2024,0,0.7879341864716635,0.5342185903983656,0.7935222672064778,0.9139106805293004
484124,student564,2024,0,0.7605118829981717,0.655464759959142,0.5764170040485831,0.9139106805293004
484126,student565,2024,0,0.7586837294332723,0.5720122574055158,0.8757085020242915,0.9139106805293004
484128,student566,2024,0,0.5466179159049361,0.6690500510725229,0.7732793522267207,0.9139106805293004
484130,student567,2024,0,0.6776965265082265,0.8518896833503575,0.970494028340081,0.9139106805293004
484132,student568,2024,0,0.5776965265082266,0.6146067415730337,0.7894736842105263,0.9139106805293004
484134,student569,2024,0,0.9018281535648994,0.8154239019407558,0.9014618421052631,0.9139106805293004
484136,student570,2024,0,0.7074954296160878,0.7898876404494382,0.8124937246963563,0.9139106805293004
484138,student571,2024,0,0.8255941499085923,0.8375893769152195,0.9752024291497975,0.9139106805293004
484140,student572,2024,0,0.9122486288848264,0.9540347293156282,0.9520242914979757,0.9139106805293004
484142,student573,2024,0,0.9323583180987203,0.755873340143003,0.9708502024291499,0.9139106805293004
484144,student574,2024,0,0.6892138939670932,0.7745658835546475,0.9413663967611337,0.9139106805293004
484146,student575,2024,0,0.8391224862888483,0.7933605720122574,0.9726720647773279,0.9139106805293004
484148,student576,2024,0,0.6709323583180987,0.6813074565883555,0.6791497975708501,0.9139106805293004
484150,student577,2024,0,0.8354661791590494,0.9141981613891725,0.9736842105263158,0.9139106805293004
484152,student578,2024,0,0.8756855575868373,0.6772216547497446,0.7317813765182186,0.9139106805293004
484154,student579,2024,0,0.7330895795246799,0.672114402451481,0.7692307692307693,0.9139106805293004
484156,student580,2024,0,0.9378427787934186,0.9039836567926455,1.0,0.9139106805293004
484160,student581,2024,0,0.8610603290676415,0.8120531154239019,0.8717611336032388,0.9139106805293004
484162,student582,2024,0,0.806215722120658,0.6394279877425945,0.8156849190283401,0.9139106805293004
484164,student583,2024,0,0.9744058500914076,0.6874361593462717,0.7064777327935222,0.9139106805293004
484166,student584,2024,0,0.850091407678245,0.7269662921348314,0.9366074898785426,0.9139106805293004
484168,student585,2024,0,0.4771480804387567,0.6343207354443309,0.7580971659919029,0.9139106805293004
484170,student586,2024,0,0.8208409506398539,0.6915219611848825,0.9230769230769231,0.9139106805293004
484172,student587,2024,0,0.6928702010968922,0.605720122574055,0.7864372469635628,0.9139106805293004
484174,student588,2024,0,0.9305301645338209,0.839632277834525,0.8582995951417004,0.9139106805293004
484176,student589,2024,0,0.882998171846435,0.6912155260469867,0.6900607287449393,0.9139106805293004
484178,student590,2024,0,0.8756855575868373,0.8120531154239019,0.856174089068826,0.9139106805293004
484180,student591,2024,0,0.6087751371115173,0.5975485188968335,0.7904858299595141,0.9139106805293004
484182,student592,2024,0,0.7989031078610603,0.6537282941777324,0.722672064777328,0.9139106805293004
484184,student593,2024,0,0.9561243144424131,0.6690500510725229,0.7611336032388665,0.9139106805293004
484186,student594,2024,0,0.8976234003656306,0.81511746680286,0.9352226720647774,0.9139106805293004
484188,student595,2024,0,0.7330895795246799,0.7490296220633299,0.864936032388664,0.9139106805293004
484190,student596,2024,0,0.9085923217550275,0.7252298263534218,0.6430161943319839,0.9139106805293004
484192,student597,2024,0,0.7148080438756854,0.6179775280898876,0.8350202429149798,0.9139106805293004
484194,student598,2024,0,0.959780621572212,0.755873340143003,0.8157894736842105,0.9139106805293004
484196,student599,2024,0,0.8135283363802559,0.7507660878447395,0.8097165991902834,0.9139106805293004
484198,student600,2024,0,0.9378427787934186,0.81511746680286,0.7257085020242916,0.9139106805293004
484200,student601,2024,0,0.5831809872029251,0.6281920326864147,0.8318612348178137,0.9139106805293004
484202,student602,2024,0,0.5941499085923218,0.5379979570990807,0.5655497975708502,0.9139106805293004
484204,student603,2024,0,0.7477148080438758,0.67926455566905,0.6761133603238866,0.9139106805293004
484206,student604,2024,0,0.6636197440585009,0.7568947906026556,0.7773279352226721,0.9139106805293004
484208,student605,2024,0,0.8903107861060329,0.9108273748723187,0.9688244939271256,0.9139106805293004
484210,student606,2024,0,0.882998171846435,0.5975485188968335,0.8821506072874494,0.9139106805293004
484212,student607,2024,0,0.846435100548446,0.7609805924412666,0.8951681174089069,0.9139106805293004
484214,student608,2024,0,0.4588665447897622,0.81511746680286,0.7904858299595141,0.9139106805293004
484216,student609,2024,0,0.7038391224862888,0.6516853932584269,0.7611336032388665,0.9139106805293004
484218,student610,2024,0,0.6745886654478976,0.8495403472931562,0.9593994939271255,0.9139106805293004
484220,student611,2024,0,0.8939670932358319,0.7678243105209397,0.9597570850202429,0.9139106805293004
484222,student612,2024,0,0.8683729433272395,0.769458631256384,0.7401188259109311,0.9139106805293004
484224,student613,2024,0,0.882998171846435,0.7763023493360571,0.9139676113360324,0.9139106805293004
484226,student614,2024,0,0.806215722120658,0.9057201225740551,0.9700139676113361,0.9139106805293004
484228,student615,2024,0,0.6965265082266909,0.7129724208375893,0.9807692307692308,0.9139106805293004
484230,student616,2024,0,0.7111517367458867,0.5379979570990807,0.8795211538461539,0.9139106805293004
484232,student617,2024,0,0.7404021937842779,0.6516853932584269,0.8582995951417004,0.9139106805293004
484234,student618,2024,0,0.7341864716636196,0.6690500510725229,0.8648785425101215,0.9139106805293004
484236,student619,2024,0,0.6307129798903107,0.5379979570990807,0.6103238866396761,0.9139106805293004
484238,student620,2024,0,0.850091407678245,0.6877425944841674,0.8049496963562753,0.9139106805293004
484240,student621,2024,0,0.8537477148080439,0.7745658835546475,0.9378542510121457,0.9139106805293004
484242,student622,2024,0,0.7330895795246799,0.8937691521961184,0.9739951417004049,0.9139106805293004
484244,student623,2024,0,0.6526508226691042,0.769458631256384,0.9584046558704454,0.9139106805293004
484246,student624,2024,0,0.7294332723948812,0.9022471910112358,0.9610528340080973,0.9139106805293004
484248,student625,2024,0,0.7038391224862888,0.6486210418794688,0.7066197368421053,0.9139106805293004
484250,student626,2024,0,0.8391224862888483,0.822267620020429,0.8718623481781377,0.9139106805293004
484252,student627,2024,0,0.7257769652650823,0.515832482124617,0.7672064777327935,0.9139106805293004
484254,student628,2024,0,0.7623400365630713,0.6159346271705821,0.7985829959514171,0.9139106805293004
484256,student629,2024,0,0.8318098720292504,0.7099080694586312,0.7246963562753036,0.9139106805293004
484258,student630,2024,0,0.45155393053016457,0.6775280898876404,0.8552038461538461,0.9139106805293004
484260,student631,2024,0,0.952468007312614,0.9363636363636363,0.9618421052631579,0.9139106805293004
484262,student632,2024,0,0.809872029250457,0.8733401430030643,0.9754440283400809,0.9139106805293004
484264,student633,2024,0,0.7440585009140768,0.7286006128702758,0.9716463562753037,0.9139106805293004
484266,student634,2024,0,0.5539305301645338,0.5444330949948927,0.7236842105263158,0.9139106805293004
484268,student635,2024,0,0.7281535648994515,0.7627170582226762,0.8912297570850203,0.9139106805293004
484270,student636,2024,0,0.7257769652650823,0.7014300306435137,0.9306608299595143,0.9139106805293004
484272,student637,2024,0,0.919561243144424,0.9244126659856996,0.9633603238866397,0.9139106805293004
484274,student638,2024,0,0.7952468007312614,0.6332992849846782,0.5070421052631578,0.9139106805293004
484276,student639,2024,0,0.4881170018281536,0.8253319713993871,0.9716599190283401,0.9139106805293004
484278,student640,2024,0,0.6855575868372943,0.8069458631256383,0.7940283400809717,0.9139106805293004
484280,student641,2024,0,0.8683729433272395,0.6915219611848825,0.7985829959514171,0.9139106805293004
484282,student642,2024,0,0.8610603290676415,0.8699693564862104,0.8371356275303644,0.9139106805293004
484284,student643,2024,0,0.8208409506398539,0.7814096016343207,0.7439271255060729,0.9139106805293004
484286,student644,2024,0,0.31627056672760506,0.5423901940755873,0.7348178137651822,0.9139106805293004
484288,student645,2024,0,0.8318098720292504,0.5822267620020428,0.8299595141700405,0.9139106805293004
484290,student646,2024,0,0.806215722120658,0.8529111338100102,0.9644954453441297,0.9139106805293004
484292,student647,2024,0,0.919561243144424,0.9295199182839632,0.9773767206477733,0.9139106805293004
484294,student648,2024,0,0.9122486288848264,0.8342185903983657,0.9610528340080973,0.9139106805293004
484296,student649,2024,0,0.7294332723948812,0.7282941777323799,0.7914979757085021,0.9139106805293004
484298,student650,2024,0,0.9012797074954295,0.8052093973442287,0.9755515182186235,0.9139106805293004
484300,student651,2024,0,0.7550274223034734,0.6332992849846782,0.7520242914979757,0.9139106805293004
484302,student652,2024,0,0.7221206581352834,0.6979570990806945,0.18782864372469635,0.9139106805293004
484304,student653,2024,0,0.919561243144424,0.7388151174668028,0.7876518218623482,0.9139106805293004
484306,student654,2024,0,0.7038391224862888,0.9108273748723187,0.9101214574898786,0.9139106805293004
484308,student655,2024,0,0.5978062157221207,0.6996935648621041,0.9271255060728745,0.9139106805293004
484310,student656,2024,0,0.7806215722120659,0.7780388151174668,0.8918424089068826,0.9139106805293004
484312,student657,2024,0,0.5758683729433272,0.5822267620020428,0.3522267206477733,0.9139106805293004
484314,student658,2024,0,0.9817184643510055,0.8855975485188968,0.9807692307692308,0.9139106805293004
484316,student659,2024,0,0.8025594149908593,0.6741573033707865,0.8371449392712551,0.9139106805293004
484318,student660,2024,0,0.6928702010968922,0.8495403472931562,0.9733805668016194,0.9139106805293004
484320,student661,2024,0,0.9012797074954295,0.8478038815117467,0.9392712550607287,0.9139106805293004
484322,student662,2024,0,0.5685557586837293,0.7490296220633299,0.9864372469635627,0.9139106805293004
484324,student663,2024,0,0.6745886654478976,0.6401430030643513,0.6366396761133604,0.9139106805293004
484326,student664,2024,0,0.7623400365630713,0.6707865168539325,0.9371457489878543,0.9139106805293004
484328,student665,2024,0,0.8318098720292504,0.7048008171603677,0.8247975708502024,0.9139106805293004
484330,student666,2024,0,0.919561243144424,0.8035750766087845,0.8692033400809717,0.9139106805293004
484332,student667,2024,0,0.7842778793418648,0.9175689479060265,0.9666735829959515,0.9139106805293004
484334,student668,2024,0,0.8391224862888483,0.8426966292134831,0.9856983805668017,0.9139106805293004
484336,student669,2024,0,0.6563071297989032,0.6741573033707865,0.9701417004048583,0.9139106805293004
484338,student670,2024,0,0.5393053016453382,0.5379979570990807,0.4676969635627531,0.9139106805293004
484340,student671,2024,0,0.8171846435100548,0.755873340143003,0.6983805668016194,0.9139106805293004
484342,student672,2024,0,0.6270566727605118,0.6159346271705821,0.7874493927125507,0.9139106805293004
484344,student673,2024,0,0.8171846435100548,0.7507660878447395,0.7864372469635628,0.9139106805293004
484346,student674,2024,0,0.8281535648994515,0.8886618998978549,0.9635627530364373,0.9139106805293004
484348,student675,2024,0,0.8720292504570384,0.8664964249233912,0.5764170040485831,0.9139106805293004
484350,student676,2024,0,0.6636197440585009,0.6006128702757916,0.9787449392712552,0.9139106805293004
484352,student677,2024,0,0.8610603290676415,0.5958120531154238,0.9768218623481782,0.9139106805293004
484354,student678,2024,0,0.46252285191956116,0.5669050051072523,0.6543522267206479,0.9139106805293004
484356,student679,2024,0,0.8208409506398539,0.6758937691521961,0.4182186234817814,0.9139106805293004
484358,student680,2024,0,0.809872029250457,0.7796731358529111,0.9749578947368421,0.9139106805293004
484360,student681,2024,0,0.6612431444241317,0.7272727272727273,0.878744939271255,0.9139106805293004
484362,student682,2024,0,0.5978062157221207,0.5924412665985699,0.7752024291497976,0.9139106805293004
484364,student683,2024,0,0.8244972577696525,0.8120531154239019,0.9018218623481781,0.9139106805293004
484366,student684,2024,0,0.8208409506398539,0.67926455566905,0.7477732793522267,0.9139106805293004
484368,student685,2024,0,0.926873857404022,0.804902962206333,0.8987854251012146,0.9139106805293004
484370,student686,2024,0,0.8354661791590494,0.8018386108273748,0.7742914979757085,0.9139106805293004
484372,student687,2024,0,0.8135283363802559,0.7150153217568948,0.9433198380566802,0.9139106805293004
484374,student688,2024,0,0.7257769652650823,0.6976506639427987,0.7611336032388665,0.9139106805293004
484376,student689,2024,0,0.8208409506398539,0.8610827374872317,0.9564777327935223,0.9139106805293004
484378,student690,2024,0,0.6910420475319926,0.6261491317671092,0.6831983805668016,0.9139106805293004
484380,student691,2024,0,0.959780621572212,0.8137895812053115,0.9528137651821863,0.9139106805293004
484382,student692,2024,0,0.7148080438756854,0.8375893769152195,0.829251012145749,0.9139106805293004
484384,student693,2024,0,0.7146252285191956,0.6724208375893769,0.9153345141700405,0.9139106805293004
484502,student694,2024,0,0.6709323583180987,0.7213483146067415,0.8246661138711862,0.9646739130434783
484504,student695,2024,0,0.8025594149908593,0.0,0.8246661138711862,0.9304347826086956
484506,student696,2024,0,0.8720292504570384,0.0,0.8246661138711862,0.9304347826086956
484508,student697,2024,0,0.7659963436928703,0.0,0.8246661138711862,0.913695652173913
484510,student698,2024,0,0.6928702010968922,0.0,0.8246661138711862,0.9347826086956522
484512,student699,2024,0,0.7586837294332723,0.0,0.8246661138711862,0.9645652173913043
484514,student700,2024,0,0.38574040219378414,0.0,0.8246661138711862,0.9764130434782609
484516,student701,2024,0,0.9085923217550275,0.0,0.8246661138711862,0.9739130434782608
484518,student702,2024,0,0.6051188299817183,0.0,0.8246661138711862,0.9185869565217392
484520,student703,2024,0,0.7806215722120659,0.0,0.8246661138711862,0.9603260869565217
484522,student704,2024,0,0.7915904936014624,0.0,0.8246661138711862,0.9104347826086957
484524,student705,2024,0,0.5027422303473491,0.0,0.8246661138711862,0.9776086956521739
484526,student706,2024,0,0.6526508226691042,0.0,0.8246661138711862,0.9097826086956522
484528,student707,2024,0,0.4478976234003656,0.0,0.8246661138711862,0.9105434782608696
484530,student708,2024,0,0.8903107861060329,0.7141313684577903,0.8246661138711862,0.9247826086956522
484532,student709,2024,0,0.6453382084095063,0.0,0.8246661138711862,0.9366304347826088
484534,student710,2024,0,0.8647166361974404,0.0,0.8246661138711862,0.9833695652173913
484536,student711,2024,0,0.8537477148080439,0.0,0.8246661138711862,0.9372826086956522
484538,student712,2024,0,0.809872029250457,0.0,0.8246661138711862,0.9646739130434783
484540,student713,2024,0,0.7038391224862888,0.0,0.8246661138711862,1.0
484542,student714,2024,0,0.882998171846435,0.0,0.8246661138711862,0.9658695652173913
