pid,acadyear,stat,month_year,gender
197882,2011-2012,regular,01-12-2018,Male
197883,2011-2012,regular,01-12-2018,Female
197884,2012-2013,regular,01-05-2019,Female
197885,2012-2013,regular,01-12-2019,Male
197886,2012-2013,regular,01-12-2012,Male
197887,2013-2014,regular,01-05-2013,Male
197888,2013-2014,regular,01-05-2013,Female
197889,2014-2015,regular,01-12-2013,Male
197890,2015-2016,regular,01-12-2013,Female
197891,2015-2016,regular,01-05-2014,Female
197892,2017-2018,regular,01-05-2014,Female
197893,2017-2018,regular,01-05-2014,Male
197894,2017-2018,regular,01-12-2014,Male
197895,2019-2020,regular,01-12-2014,Male
197896,2014-2015,regular,01-05-2015,Male
197897,2014-2015,regular,01-05-2015,Male
197898,2014-2015,regular,01-12-2015,Female
197899,2014-2015,regular,01-12-2012,Female
197900,2014-2015,regular,01-05-2013,Female
197901,2014-2015,regular,01-05-2013,Male
197902,2014-2015,regular,01-12-2013,Male
197903,2014-2015,regular,01-12-2013,Male
197904,2015-2016,regular,01-12-2013,Female
197905,2015-2016,regular,01-05-2014,Male
197906,2015-2016,regular,01-05-2014,Male
197907,2015-2016,regular,01-05-2014,Male
197908,2015-2016,regular,01-05-2014,Female
197909,2015-2016,regular,01-12-2014,Female
197910,2015-2016,regular,01-12-2014,Female
197911,2015-2016,regular,01-12-2013,Female
197912,2015-2016,regular,01-05-2014,Male
197913,2015-2016,regular,01-12-2013,Female
197914,2015-2016,regular,01-05-2014,Female
197915,2015-2016,regular,01-05-2014,Male
197916,2015-2016,regular,01-12-2014,Female
197917,2017-2018,regular,01-12-2014,Male
197918,2017-2018,regular,01-05-2015,Female
197919,2017-2018,regular,01-05-2015,Female
197920,2017-2018,regular,01-12-2015,Male
197921,2020-2021,regular,01-12-2015,Female
197922,2020-2021,regular,01-12-2015,Female
197923,2021-2022,regular,01-05-2016,Female
197924,2021-2022,regular,01-05-2016,Male
197925,2021-2022,regular,01-05-2016,Male
197926,2021-2022,regular,01-05-2016,Male
197927,2021-2022,regular,01-12-2013,Female
197928,2021-2022,regular,01-05-2014,Male
197929,2021-2022,regular,01-12-2013,Male
197930,2021-2022,regular,01-05-2014,Male
197931,2021-2022,regular,01-05-2014,Female
197932,2021-2022,regular,01-12-2014,Male
197933,2021-2022,regular,01-12-2014,Male
197934,2021-2022,regular,01-05-2015,Male
197935,2021-2022,regular,01-05-2015,Female
197936,2021-2022,regular,01-12-2015,Female
197937,2021-2022,regular,01-12-2015,Mmale
197938,2021-2022,regular,01-12-2015,Female
197939,2021-2022,regular,01-05-2016,Male
197940,2021-2022,regular,01-05-2016,Male
197941,2021-2022,regular,01-05-2016,Female
197942,2021-2022,regular,01-05-2016,Male
197943,2021-2022,regular,01-12-2016,Male
197944,2021-2022,regular,01-12-2016,Male
197945,2021-2022,regular,01-12-2016,Female
197946,2021-2022,regular,01-05-2017,Male
197947,2021-2022,regular,01-05-2017,Male
197948,2021-2022,regular,01-05-2017,Female
197949,2021-2022,regular,01-05-2017,Female
197950,2021-2022,regular,01-12-2013,Male
197951,2021-2022,regular,01-05-2014,Male
197952,2021-2022,regular,01-05-2014,Female
197953,2021-2022,regular,01-12-2014,Male
197954,2021-2022,regular,01-12-2014,Male
197955,2021-2022,regular,01-05-2015,Male
197956,2021-2022,regular,01-05-2015,Male
197957,2021-2022,regular,01-12-2015,Male
197958,2021-2022,regular,01-12-2015,Male
197959,2021-2022,regular,01-12-2015,Male
197960,2021-2022,regular,01-05-2016,Female
197961,2021-2022,regular,01-05-2016,Male
197962,2021-2022,regular,01-05-2016,Male
197963,2021-2022,regular,01-05-2016,Male
197964,2021-2022,regular,01-12-2016,Male
197965,2021-2022,regular,01-12-2016,Male
197966,2021-2022,regular,01-12-2016,Male
197967,2021-2022,regular,01-05-2017,Male
197968,2021-2022,regular,01-05-2017,Male
197969,2021-2022,regular,01-12-2013,Female
197970,2021-2022,regular,01-05-2014,Male
197971,2021-2022,regular,01-05-2014,Female
197972,2021-2022,regular,01-12-2014,Female
197973,2021-2022,regular,01-12-2014,Male
197974,2021-2022,regular,01-05-2015,Female
197975,2021-2022,regular,01-05-2015,Male
197976,2021-2022,regular,01-12-2015,Male
197977,2021-2022,regular,01-12-2015,Female
197978,2021-2022,regular,01-12-2015,Male
197979,2021-2022,regular,01-05-2016,Male
197980,2021-2022,regular,01-05-2016,Female
197981,2021-2022,regular,01-05-2016,Female
197982,2021-2022,regular,01-05-2016,Female
197983,2021-2022,regular,01-12-2014,Male
197984,2021-2022,regular,01-12-2014,Female
197985,2021-2022,regular,01-05-2015,Female
197986,2021-2022,regular,01-12-2014,Male
197987,2021-2022,regular,01-05-2015,Male
197988,2021-2022,regular,01-05-2015,Female
197989,2021-2022,regular,01-12-2015,Male
197990,2021-2022,regular,01-12-2015,Male
197991,2021-2022,regular,01-05-2016,Male
197992,2021-2022,regular,01-12-2016,Male
197993,2021-2022,regular,01-12-2015,Male
197994,2021-2022,regular,01-05-2016,Female
197995,2021-2022,regular,01-05-2016,Male
197996,2021-2022,regular,01-12-2015,Male
197997,2021-2022,regular,01-05-2016,Female
197998,2021-2022,regular,01-05-2016,Female
197999,2021-2022,regular,01-12-2016,Female
198000,2021-2022,regular,01-12-2016,Female
198001,2021-2022,regular,01-05-2017,Male
198002,2021-2022,regular,01-05-2017,Male
198003,2021-2022,regular,01-12-2017,Male
198004,2021-2022,regular,01-12-2017,Female
198005,2021-2022,regular,01-05-2018,Male
198006,2021-2022,regular,01-05-2018,Male
198007,2021-2022,regular,01-12-2018,Female
198008,2021-2022,regular,01-12-2018,Female
198009,2021-2022,regular,01-12-2018,Female
198010,2021-2022,regular,01-05-2019,Female
198011,2021-2022,regular,01-05-2019,Male
198012,2021-2022,regular,01-05-2019,Male
198013,2021-2022,regular,01-12-2019,Female
198014,2021-2022,regular,01-12-2019,Female
198015,2021-2022,regular,01-12-2019,Female
198016,2021-2022,regular,01-12-2023,Female
198017,2021-2022,regular,01-05-2017,Male
198018,2021-2022,regular,01-05-2017,Female
198019,2021-2022,regular,01-05-2017,Male
198020,2021-2022,regular,01-12-2017,Male
198021,2021-2022,regular,01-12-2017,Female
198022,2021-2022,regular,01-12-2017,Female
198023,2021-2022,regular,01-12-2018,Female
198024,2021-2022,regular,01-05-2017,Female
198025,2021-2022,regular,01-05-2017,Female
198026,2021-2022,regular,01-12-2017,Female
198027,2021-2022,regular,01-12-2017,Male
198028,2021-2022,regular,01-12-2017,Male
198029,2021-2022,regular,01-05-2018,Female
198030,2021-2022,regular,01-05-2018,Male
198031,2021-2022,regular,01-05-2018,Female
198032,2021-2022,regular,01-05-2018,Female
198033,2021-2022,regular,01-05-2017,Female
198034,2021-2022,regular,01-05-2019,Female
198035,2021-2022,regular,01-05-2019,Female
198036,2021-2022,regular,01-12-2023,Female
198037,2021-2022,regular,01-12-2023,Male
198038,2021-2022,regular,01-12-2023,Male
198039,2021-2022,regular,01-12-2023,Female
198040,2021-2022,regular,01-12-2023,Female
198041,2021-2022,regular,01-12-2023,Female
198042,2021-2022,regular,01-05-2018,Female
198043,2021-2022,regular,01-05-2018,Female
198044,2021-2022,regular,01-05-2018,Female
198045,2021-2022,regular,01-05-2018,Male
198046,2021-2022,regular,01-12-2018,Female
198047,2021-2022,regular,01-12-2022,Female
198048,2022-2023,regular,01-12-2022,Male
198049,2022-2023,regular,01-12-2022,Female
198050,2022-2023,regular,01-12-2022,Male
198051,2022-2023,regular,01-12-2022,Female
198052,2022-2023,regular,01-12-2022,Female
198053,2022-2023,regular,01-12-2022,Male
198054,2022-2023,regular,01-12-2022,Male
198055,2022-2023,regular,01-12-2022,Female
198056,2022-2023,regular,01-12-2022,Male
198057,2022-2023,regular,01-12-2022,Female
198058,2022-2023,regular,01-12-2022,Female
198059,2022-2023,regular,01-05-2022,Male
198060,2022-2023,regular,01-12-2022,Female
198061,2022-2023,regular,01-12-2022,Male
198062,2022-2023,regular,01-12-2022,Female
198063,2022-2023,regular,01-05-2022,Male
198064,2022-2023,regular,01-12-2022,Male
198065,2022-2023,regular,01-05-2022,Male
198066,2022-2023,regular,01-05-2022,Female
198067,2022-2023,regular,01-12-2021,Female
198068,2022-2023,regular,01-12-2021,Female
198069,2022-2023,regular,01-12-2021,Male
198070,2022-2023,regular,01-12-2021,Female
198071,2022-2023,regular,01-12-2021,Female
198072,2022-2023,regular,01-12-2021,Female
198073,2022-2023,regular,01-12-2021,Male
198074,2022-2023,regular,01-12-2021,Male
198075,2022-2023,regular,01-12-2021,Male
198076,2022-2023,regular,01-12-2021,Male
198077,2022-2023,regular,01-12-2021,Female
198078,2022-2023,regular,01-12-2021,Male
198079,2022-2023,regular,01-12-2021,Male
198080,2022-2023,regular,01-12-2021,Female
198081,2022-2023,regular,01-12-2021,Male
198082,2022-2023,regular,01-12-2021,Male
198083,2022-2023,regular,01-12-2021,Male
198084,2022-2023,regular,01-12-2021,Male
198085,2022-2023,regular,01-12-2021,Female
198086,2022-2023,regular,01-12-2021,Male
198087,2022-2023,regular,01-12-2021,Female
198088,2022-2023,regular,01-12-2021,Female
198089,2022-2023,regular,01-12-2021,Male
198090,2022-2023,regular,01-12-2021,Female
198091,2022-2023,regular,01-12-2021,Male
198092,2022-2023,regular,01-12-2021,Male
198093,2022-2023,regular,01-12-2021,Female
198094,2022-2023,regular,01-12-2021,Male
198095,2022-2023,regular,01-12-2021,Female
198096,2022-2023,regular,01-12-2021,Female
198097,2022-2023,regular,01-12-2021,Male
198098,2022-2023,regular,01-12-2021,Female
198099,2022-2023,regular,01-12-2021,Female
198100,2022-2023,regular,01-12-2021,Male
198101,2022-2023,regular,01-12-2021,Male
198102,2022-2023,regular,01-12-2021,Male
198103,2022-2023,regular,01-12-2021,Male
198104,2022-2023,regular,01-12-2021,Male
198105,2022-2023,regular,01-12-2021,Male
198106,2022-2023,regular,01-12-2021,Female
198107,2022-2023,regular,01-12-2021,Male
198108,2022-2023,regular,01-12-2021,Male
198109,2022-2023,regular,01-12-2021,Female
198110,2022-2023,regular,01-12-2021,Male
198111,2022-2023,regular,01-12-2021,Female
198112,2022-2023,regular,01-12-2021,Male
198113,2022-2023,regular,01-12-2021,Male
198114,2022-2023,regular,01-05-2022,Female
198115,2022-2023,regular,01-05-2022,Female
198116,2022-2023,regular,01-05-2022,Male
198117,2022-2023,regular,01-05-2022,Female
198118,2022-2023,regular,01-12-2019,Female
198119,2022-2023,regular,01-05-2022,Male
198120,2022-2023,regular,01-05-2022,Female
198121,2022-2023,regular,01-12-2023,Male
198122,2022-2023,regular,01-05-2022,Female
198123,2022-2023,regular,01-12-2022,Male
198124,2022-2023,regular,01-12-2022,Female
198125,2022-2023,regular,01-12-2022,Male
198126,2022-2023,regular,01-12-2022,Female
198127,2022-2023,regular,01-12-2022,Female
198128,2022-2023,regular,01-12-2022,Male
198129,2022-2023,regular,01-05-2022,Male
198130,2022-2023,regular,01-05-2022,Male
198131,2022-2023,regular,01-05-2023,Female
198132,2022-2023,regular,01-05-2023,Female
198133,2022-2023,regular,01-05-2023,Female
198134,2022-2023,regular,01-12-2022,Male
198135,2022-2023,regular,01-05-2020,Male
198136,2022-2023,regular,01-12-2022,Male
198137,2022-2023,regular,01-05-2022,Male
198138,2022-2023,regular,01-12-2022,Male
198139,2022-2023,regular,01-12-2022,Male
198140,2022-2023,regular,01-12-2022,Female
198141,2022-2023,regular,01-05-2023,Male
198142,2022-2023,regular,01-05-2022,Female
198143,2022-2023,regular,01-05-2022,Male
198144,2022-2023,regular,01-05-2022,Male
198145,2022-2023,regular,01-12-2022,Female
198146,2022-2023,regular,01-05-2022,Male
198147,2022-2023,regular,01-12-2022,Male
198148,2022-2023,regular,01-05-2022,Female
198149,2022-2023,regular,01-12-2022,Male
198150,2022-2023,regular,01-05-2022,Male
198151,2022-2023,regular,01-05-2022,Male
198152,2022-2023,regular,01-05-2022,Female
198153,2022-2023,regular,01-12-2022,Male
198154,2022-2023,regular,01-12-2022,Male
198155,2022-2023,regular,01-12-2022,Female
198156,2022-2023,regular,01-05-2022,Male
198157,2022-2023,regular,01-12-2022,Female
198158,2022-2023,regular,01-12-2022,Female
198159,2022-2023,regular,01-12-2022,Male
198160,2022-2023,regular,01-12-2022,Male
198161,2022-2023,regular,01-05-2022,Male
198162,2022-2023,regular,01-12-2022,Female
198163,2022-2023,regular,01-12-2022,Male
198164,2022-2023,regular,01-05-2022,Male
198165,2022-2023,regular,01-12-2022,Male
198166,2022-2023,regular,01-12-2022,Female
198167,2022-2023,regular,01-12-2022,Male
198168,2022-2023,regular,01-12-2022,Female
198169,2022-2023,regular,01-12-2022,Female
198170,2022-2023,regular,01-12-2022,Male
198171,2022-2023,regular,01-05-2022,Female
198172,2022-2023,regular,01-12-2022,Female
198173,2022-2023,regular,01-12-2022,Female
198174,2022-2023,regular,01-12-2022,Female
198175,2022-2023,regular,01-12-2022,Male
198176,2022-2023,regular,01-12-2022,Male
198177,2022-2023,regular,01-12-2022,Male
198178,2022-2023,regular,01-05-2022,Male
198179,2022-2023,regular,01-12-2022,Female
198180,2022-2023,regular,01-12-2022,Male
198181,2022-2023,regular,01-05-2023,Male
198182,2022-2023,regular,01-05-2022,Male
198183,2022-2023,regular,01-05-2023,Male
198184,2022-2023,regular,01-05-2023,Female
198185,2022-2023,regular,01-05-2023,Female
198186,2022-2023,regular,01-05-2022,Female
198187,2023-2024,regular,01-12-2018,Male
198188,2023-2024,regular,01-05-2022,Female
198189,2023-2024,regular,01-05-2022,Male
198190,2023-2024,regular,01-05-2022,Female
198191,2023-2024,regular,01-05-2022,Male
198192,2023-2024,regular,01-05-2022,Female
198193,2023-2024,regular,01-05-2022,Male
198194,2023-2024,regular,01-05-2022,Male
198195,2023-2024,regular,01-05-2022,Female
198196,2023-2024,regular,01-05-2023,Female
198197,2023-2024,regular,01-05-2023,Male
198198,2023-2024,regular,01-05-2023,Female
198199,2023-2024,regular,01-05-2023,Female
198200,2023-2024,regular,01-05-2022,Male
198201,2023-2024,regular,01-05-2022,Female
198202,2023-2024,regular,01-05-2022,Female
198203,2023-2024,regular,01-05-2022,Male
198204,2023-2024,regular,01-05-2022,Male
198205,2023-2024,regular,01-05-2022,Female
198206,2023-2024,regular,01-05-2022,Male
198207,2023-2024,regular,01-05-2022,Male
198208,2023-2024,regular,01-05-2023,Male
198209,2023-2024,regular,01-05-2023,Female
198210,2023-2024,regular,01-05-2023,Female
198211,2023-2024,regular,01-05-2023,Female
198212,2023-2024,regular,01-05-2023,Female
198213,2023-2024,regular,01-05-2023,Female
198214,2023-2024,regular,01-05-2023,Female
198215,2023-2024,regular,01-05-2023,Male
198216,2023-2024,regular,01-12-2023,Female
198217,2023-2024,regular,01-12-2023,Female
198218,2023-2024,regular,01-05-2022,Female
198219,2023-2024,regular,01-05-2022,Female
198220,2023-2024,regular,01-12-2023,Male
198221,2023-2024,regular,01-05-2022,Female
198222,2023-2024,regular,01-12-2023,Female
198223,2023-2024,regular,01-12-2023,Male
198224,2023-2024,regular,01-05-2022,Male
198225,2023-2024,regular,01-12-2020,Female
198226,2023-2024,regular,01-12-2023,Female
198227,2023-2024,regular,01-12-2023,Female
198228,2023-2024,regular,01-12-2023,Male
198229,2023-2024,regular,01-12-2023,Male
198230,2023-2024,regular,01-12-2023,Male
198231,2023-2024,regular,01-12-2023,Female
198232,2023-2024,regular,01-12-2023,Male
198233,2023-2024,regular,01-12-2023,Male
198234,2023-2024,regular,01-05-2022,Male
198235,2023-2024,regular,01-12-2023,Female
198236,2023-2024,regular,01-12-2020,Male
198237,2023-2024,regular,01-12-2023,Female
198238,2023-2024,regular,01-12-2023,Male
198239,2023-2024,regular,01-12-2023,Female
198240,2023-2024,regular,01-12-2023,Male
198241,2023-2024,regular,01-12-2023,Female
198242,2023-2024,regular,01-12-2023,Male
198243,2023-2024,regular,01-12-2023,Male
198244,2023-2024,regular,01-12-2023,Female
198245,2023-2024,regular,01-05-2022,Male
198246,2023-2024,regular,01-12-2023,Male
198247,2023-2024,regular,01-12-2023,Female
198248,2023-2024,regular,01-12-2023,Female
198249,2023-2024,regular,01-12-2023,Male
198250,2023-2024,regular,01-12-2023,Male
198251,2023-2024,regular,01-05-2022,Female
198252,2023-2024,regular,01-05-2022,Male
198253,2023-2024,regular,01-12-2023,Male
198254,2023-2024,regular,01-05-2022,Male
198255,2023-2024,regular,01-12-2017,Female
198256,2023-2024,regular,01-05-2022,Female
198257,2023-2024,regular,01-05-2022,Male
198258,2023-2024,regular,01-05-2022,Male
198259,2023-2024,regular,01-05-2022,Female
198260,2023-2024,regular,01-05-2022,Female
198261,2023-2024,regular,01-12-2017,Male
198262,2023-2024,regular,01-12-2017,Male
198263,2023-2024,regular,01-05-2022,Female
198264,2023-2024,regular,01-12-2017,Female
198265,2023-2024,regular,01-05-2022,Female
198266,2023-2024,regular,01-05-2022,Female
198267,2023-2024,regular,01-05-2022,Female
198268,2023-2024,regular,01-05-2022,Female
198269,2023-2024,regular,01-12-2023,Male
198270,2023-2024,regular,01-05-2022,Male
198271,2023-2024,regular,01-05-2023,Female
198272,2023-2024,regular,01-05-2023,Male
198273,2023-2024,regular,01-05-2023,Female
198274,2023-2024,regular,01-05-2022,Female
198275,2023-2024,regular,01-12-2023,Male
198276,2023-2024,regular,01-12-2022,Male
198277,2023-2024,regular,01-12-2023,Male
198278,2023-2024,regular,01-05-2022,Female
198279,2023-2024,regular,01-12-2023,Female
198280,2023-2024,regular,01-05-2023,Male
198281,2023-2024,regular,01-05-2023,Female
198282,2023-2024,regular,01-12-2023,Female
198283,2023-2024,regular,01-05-2022,Female
198284,2023-2024,regular,01-05-2022,Male
198285,2023-2024,regular,01-12-2023,Female
198286,2023-2024,regular,01-12-2023,Male
198287,2023-2024,regular,01-12-2023,Male
198288,2023-2024,regular,01-12-2023,Female
198289,2023-2024,regular,01-12-2023,Male
198290,2023-2024,regular,01-12-2023,Male
198291,2023-2024,regular,01-12-2023,Female
198292,2023-2024,regular,01-12-2023,Male
198293,2023-2024,regular,01-12-2023,Female
198294,2023-2024,regular,01-12-2023,Male
198295,2023-2024,regular,01-12-2023,Male
198296,2023-2024,regular,01-12-2023,Female
198297,2023-2024,regular,01-05-2022,Female
198298,2023-2024,regular,01-12-2023,Female
198299,2023-2024,regular,01-12-2023,Female
198300,2023-2024,regular,01-12-2022,Female
198301,2023-2024,regular,01-12-2022,Female
198302,2023-2024,regular,01-05-2022,Female
198303,2023-2024,regular,01-12-2023,Male
198304,2023-2024,regular,01-05-2022,Female
198305,2023-2024,regular,01-12-2022,Male
198306,2023-2024,regular,01-05-2022,Female
198307,2023-2024,regular,01-05-2022,Female
198308,2023-2024,regular,01-12-2021,Male
198309,2023-2024,regular,01-12-2021,Male
198310,2023-2024,regular,01-12-2023,Male
198311,2023-2024,regular,01-12-2021,Female
198312,2023-2024,regular,01-12-2021,Female
198313,2023-2024,regular,01-12-2021,Male
198314,2023-2024,regular,01-12-2023,Male
198315,2023-2024,regular,01-05-2022,Female
198316,2023-2024,regular,01-12-2021,Male
198317,2023-2024,regular,01-12-2021,Female
198318,2023-2024,regular,01-12-2023,Female
198319,2023-2024,regular,01-12-2021,Female
198320,2023-2024,regular,01-12-2021,Female
198321,2023-2024,regular,01-05-2022,Female
198322,2023-2024,regular,01-12-2023,Male
198323,2023-2024,regular,01-12-2023,Male
198324,2023-2024,regular,01-12-2023,Male
198325,2023-2024,regular,01-12-2023,Female
198326,2023-2024,regular,01-12-2023,Female
198327,2023-2024,regular,01-12-2023,Male
198328,2023-2024,regular,01-12-2023,Male
198329,2023-2024,regular,01-12-2023,Female
198330,2023-2024,regular,01-12-2023,Male
198331,2023-2024,regular,01-12-2023,Male
198332,2023-2024,regular,01-12-2023,Male
198333,2023-2024,regular,01-12-2021,Female
198334,2023-2024,regular,01-12-2021,Male
198335,2023-2024,regular,01-12-2023,Male
198336,2023-2024,regular,01-12-2021,Female
198337,2023-2024,regular,01-12-2021,Female
198338,2023-2024,regular,01-12-2021,Male
198339,2023-2024,regular,01-12-2021,Female
198340,2023-2024,regular,01-05-2022,Male
198341,2023-2024,regular,01-12-2021,Male
198342,2023-2024,regular,01-05-2022,Female
198343,2023-2024,regular,01-12-2021,Male
198344,2023-2024,regular,01-05-2022,Female
198345,2023-2024,regular,01-12-2021,Female
198346,2023-2024,regular,01-05-2022,Male
198347,2023-2024,regular,01-12-2021,Female
198348,2023-2024,regular,01-05-2024,Male
198349,2023-2024,regular,01-12-2021,Male
198350,2023-2024,regular,01-05-2022,Female
198351,2023-2024,regular,01-05-2024,Female
198352,2023-2024,regular,01-12-2021,Female
198353,2023-2024,regular,01-12-2022,Male
198354,2023-2024,regular,01-12-2022,Male
198355,2023-2024,regular,01-12-2022,Female
198356,2023-2024,regular,01-12-2021,Male
198357,2023-2024,regular,01-12-2021,Female
198358,2023-2024,regular,01-12-2021,Female
198359,2023-2024,regular,01-12-2023,Male
198360,2023-2024,regular,01-12-2023,Male
198361,2023-2024,regular,01-12-2023,Female
198362,2023-2024,regular,01-12-2023,Female
198363,2023-2024,regular,01-12-2023,Male
198364,2023-2024,regular,01-12-2023,Female
198365,2023-2024,regular,01-12-2023,Female
198366,2023-2024,regular,01-12-2023,Male
198367,2023-2024,regular,01-12-2023,Female
198368,2023-2024,regular,01-12-2023,Female
198369,2023-2024,regular,01-12-2023,Male
198370,2023-2024,regular,01-12-2023,Male
198371,2023-2024,regular,01-12-2023,Female
198372,2023-2024,regular,01-12-2023,Male
198373,2023-2024,regular,01-12-2023,Male
198374,2023-2024,regular,01-12-2023,Female
198375,2023-2024,regular,01-12-2023,Female
198376,2023-2024,regular,01-12-2023,Female
198377,2023-2024,regular,01-12-2023,Male
198378,2023-2024,regular,01-12-2023,Female
198379,2023-2024,regular,01-12-2023,Female
198380,2023-2024,regular,01-12-2023,Male
198381,2023-2024,regular,01-12-2023,Male
198382,2023-2024,regular,01-12-2023,Female
198383,2023-2024,regular,01-12-2023,Male
198384,2023-2024,regular,01-12-2023,Female
198385,2024-2025,regular,01-12-2023,Female
198386,2024-2025,regular,01-12-2023,Male
198387,2024-2025,regular,01-12-2023,Female
198388,2024-2025,regular,01-12-2023,Female
198389,2024-2025,regular,01-12-2023,Female
198390,2024-2025,regular,01-05-2024,Female
198391,2024-2025,regular,01-12-2022,Male
198392,2024-2025,regular,01-12-2023,Male
198393,2024-2025,regular,01-12-2023,Male
198394,2024-2025,regular,01-12-2022,Female
198395,2024-2025,regular,01-12-2022,Male
198396,2024-2025,regular,01-05-2022,Male
198397,2024-2025,regular,01-12-2022,Female
198398,2024-2025,regular,01-12-2023,Female
198399,2024-2025,regular,01-12-2023,Male
198400,2024-2025,regular,01-12-2023,Female
198401,2024-2025,regular,01-05-2022,Male
198402,2024-2025,regular,01-05-2023,Female
198403,2024-2025,regular,01-12-2023,Female
198404,2024-2025,regular,01-12-2022,Male
198405,2024-2025,regular,01-12-2022,Male
198406,2024-2025,regular,01-05-2023,Male
198407,2024-2025,regular,01-05-2023,Female
198408,2024-2025,regular,01-05-2023,Female
198409,2024-2025,regular,01-05-2023,Male
198410,2024-2025,regular,01-05-2023,Female
198411,2024-2025,regular,01-05-2023,Female
198412,2024-2025,regular,01-05-2023,Female
198413,2024-2025,regular,01-05-2023,Male
198414,2024-2025,regular,01-05-2023,Female
198415,2024-2025,regular,01-12-2023,Female
198416,2024-2025,regular,01-12-2023,Female
198417,2024-2025,regular,01-12-2023,Female
198418,2024-2025,regular,01-12-2023,Male
198419,2024-2025,regular,01-12-2023,Female
198420,2024-2025,regular,01-12-2023,Male
198421,2024-2025,regular,01-12-2023,Female
198422,2024-2025,regular,01-12-2023,Female
198423,2024-2025,regular,01-12-2023,Female
198424,2024-2025,regular,01-12-2023,Female
198425,2024-2025,regular,01-12-2023,Male
198426,2024-2025,regular,01-12-2023,Male
198427,2024-2025,regular,01-12-2023,Male
198428,2024-2025,regular,01-12-2023,Female
198429,2024-2025,regular,01-12-2023,Female
198430,2024-2025,regular,01-12-2023,Male
198431,2024-2025,regular,01-12-2023,Female
198432,2024-2025,regular,01-12-2023,Male
198433,2024-2025,regular,01-12-2023,Male
198434,2024-2025,regular,01-12-2023,Female
198435,2024-2025,regular,01-12-2023,Male
198436,2024-2025,regular,01-12-2023,Male
198437,2024-2025,regular,01-12-2023,Male
198438,2024-2025,regular,01-12-2023,Male
198439,2024-2025,regular,01-12-2023,Male
198440,2024-2025,regular,01-12-2023,Male
198441,2024-2025,regular,01-12-2023,Male
198442,2024-2025,regular,01-12-2023,Female
198443,2024-2025,regular,01-12-2023,Female
198444,2024-2025,regular,01-12-2023,Male
198445,2024-2025,regular,01-12-2023,Female
198446,2024-2025,regular,01-12-2023,Female
198447,2024-2025,regular,01-12-2023,Female
198448,2024-2025,regular,01-12-2023,Female
198449,2024-2025,regular,01-12-2023,Female
198450,2024-2025,regular,01-12-2023,Female
198451,2024-2025,regular,01-12-2023,Male
198452,2024-2025,regular,01-12-2023,Female
198453,2024-2025,regular,01-12-2023,Female
198454,2024-2025,regular,01-12-2023,Male
198455,2024-2025,regular,01-12-2023,Male
198456,2024-2025,regular,01-12-2023,Female
198457,2024-2025,regular,01-12-2023,Female
198458,2024-2025,regular,01-12-2023,Female
198459,2024-2025,regular,01-12-2023,Female
198460,2024-2025,regular,01-12-2023,Female
198461,2024-2025,regular,01-12-2023,Female
198462,2024-2025,regular,01-12-2023,Female
198463,2024-2025,regular,01-12-2023,Female
198464,2024-2025,regular,01-12-2023,Female
198465,2024-2025,regular,01-12-2023,Male
198466,2024-2025,regular,01-12-2023,Female
198467,2024-2025,regular,01-12-2023,Female
198468,2024-2025,regular,01-12-2023,Male
198469,2024-2025,regular,01-12-2023,Female
198470,2024-2025,regular,01-12-2023,Female
198471,2024-2025,regular,01-12-2023,Male
198472,2024-2025,regular,01-12-2023,Male
198473,2024-2025,regular,01-12-2023,Male
198474,2024-2025,regular,01-12-2023,Male
198475,2024-2025,regular,01-12-2023,Female
198476,2024-2025,regular,01-12-2023,Female
198477,2024-2025,regular,01-12-2023,Female
198478,2024-2025,regular,01-12-2023,Female
198479,2024-2025,regular,01-12-2023,Female
198480,2024-2025,regular,01-12-2023,Female
198481,2024-2025,regular,01-12-2023,Male
198482,2024-2025,regular,01-12-2023,Male
198483,2024-2025,regular,01-12-2023,Female
198484,2024-2025,regular,01-05-2021,Female
198485,2024-2025,regular,01-12-2023,Female
198486,2024-2025,regular,01-12-2023,Male
198487,2024-2025,regular,01-12-2023,Male
198488,2024-2025,regular,01-05-2022,Male
198489,2024-2025,regular,01-05-2022,Female
198490,2024-2025,regular,01-12-2023,Male
198491,2024-2025,regular,01-12-2023,Female
198492,2024-2025,regular,01-12-2023,Female
198493,2024-2025,regular,01-12-2023,Male
198494,2024-2025,regular,01-05-2022,Female
198495,2024-2025,regular,01-05-2022,Male
198496,2024-2025,regular,01-05-2022,Male
198497,2024-2025,regular,01-05-2022,Female
198498,2024-2025,regular,01-05-2022,Female
198499,2024-2025,regular,01-05-2022,Female
198500,2024-2025,regular,01-05-2022,Female
198501,2024-2025,regular,01-12-2023,Female
198502,2024-2025,regular,01-05-2022,Female
198503,2024-2025,regular,01-05-2022,Male
198504,2024-2025,regular,01-05-2022,Male
198505,2024-2025,regular,01-05-2022,Male
198506,2024-2025,regular,01-05-2022,Female
198507,2024-2025,regular,01-12-2023,Female
198508,2024-2025,regular,01-12-2023,Male
198509,2024-2025,regular,01-12-2023,Male
198510,2024-2025,regular,01-05-2022,Female
198511,2024-2025,regular,01-05-2022,Female
198512,2024-2025,regular,01-05-2022,Male
198513,2024-2025,regular,01-05-2022,Male
198514,2024-2025,regular,01-05-2022,Female
198515,2024-2025,regular,01-05-2022,Female
198516,2024-2025,regular,01-05-2022,Male
198517,2024-2025,regular,01-05-2022,Male
198518,2024-2025,regular,01-05-2022,Female
198519,2024-2025,regular,01-05-2022,Female
198520,2024-2025,regular,01-12-2023,Female
198521,2024-2025,regular,01-12-2023,Female
198522,2024-2025,regular,01-12-2023,Female
198523,2024-2025,regular,01-12-2023,Male
198524,2024-2025,regular,01-12-2023,Male
198525,2024-2025,regular,01-12-2023,Male
198526,2024-2025,regular,01-12-2023,Male
198527,2024-2025,regular,01-12-2023,Female
198528,2024-2025,regular,01-12-2023,Female
198529,2024-2025,regular,01-12-2023,Female
198530,2024-2025,regular,01-12-2023,Male
198531,2024-2025,regular,01-12-2023,Male
198532,2024-2025,regular,01-12-2023,Female
198533,2024-2025,regular,01-12-2023,Male
198534,2024-2025,regular,01-12-2023,Female
198535,2024-2025,regular,01-12-2023,Male
198536,2024-2025,regular,01-12-2023,Female
198537,2024-2025,regular,01-12-2023,Male
198538,2024-2025,regular,01-12-2023,Female
198539,2024-2025,regular,01-12-2023,Male
198540,2024-2025,regular,01-12-2023,Female
198541,2024-2025,regular,01-12-2023,Male
198542,2024-2025,regular,01-12-2023,Male
198543,2024-2025,regular,01-12-2023,Female
198544,2024-2025,regular,01-12-2023,Male
198545,2024-2025,regular,01-12-2023,Female
198546,2024-2025,regular,01-12-2023,Male
198547,2024-2025,regular,01-12-2023,Male
198548,2024-2025,regular,01-12-2023,Female
198549,2024-2025,regular,01-12-2023,Female
198550,2024-2025,regular,01-05-2021,Male
198551,2024-2025,regular,01-12-2022,Female
198552,2024-2025,regular,01-12-2022,Male
198553,2024-2025,regular,01-12-2022,Male
198554,2024-2025,regular,01-12-2022,Female
198555,2024-2025,regular,01-12-2022,Male
198556,2024-2025,regular,01-12-2022,Female
198557,2024-2025,regular,01-12-2022,Female
198558,2024-2025,regular,01-12-2022,Female
198559,2024-2025,regular,01-12-2022,Male
198560,2024-2025,regular,01-12-2022,Male
198561,2024-2025,regular,01-12-2022,Female
198562,2024-2025,regular,01-12-2022,Female
198563,2024-2025,regular,01-12-2022,Male
198564,2024-2025,regular,01-12-2022,Male
198565,2024-2025,regular,01-12-2022,Female
198566,2024-2025,regular,01-12-2022,Male
198567,2024-2025,regular,01-12-2022,Female
198568,2024-2025,regular,01-12-2022,Male
198569,2024-2025,regular,01-12-2022,Female
198570,2024-2025,regular,01-12-2022,Male
198571,2024-2025,regular,01-12-2022,Male
198572,2024-2025,regular,01-12-2022,Male
198573,2024-2025,regular,01-12-2022,Male
198574,2024-2025,regular,01-12-2022,Female
198575,2024-2025,regular,01-12-2022,Male
198576,2024-2025,regular,01-12-2022,Male
198577,2024-2025,regular,01-12-2022,Female
198578,2024-2025,regular,01-12-2022,Male
198579,2024-2025,regular,01-12-2022,Male
198580,2024-2025,regular,01-12-2022,Male
198581,2024-2025,regular,01-12-2022,Female
198582,2024-2025,regular,01-12-2022,Male
198583,2024-2025,regular,01-12-2022,Female
198584,2024-2025,regular,01-12-2022,Male
198585,2024-2025,regular,01-12-2022,Male
198586,2024-2025,regular,01-12-2022,Male
198587,2024-2025,regular,01-12-2022,Female
198588,2024-2025,regular,01-12-2023,Male
198589,2024-2025,regular,01-12-2023,Female
198590,2024-2025,regular,01-12-2023,Male
198591,2024-2025,regular,01-12-2023,Male
198592,2024-2025,regular,01-12-2023,Female
198593,2024-2025,regular,01-12-2023,Male
198594,2024-2025,regular,01-12-2023,Male
198595,2024-2025,regular,01-12-2023,Female
198596,2024-2025,regular,01-12-2023,Female
198597,2024-2025,regular,01-12-2023,Male
198598,2024-2025,regular,01-12-2023,Female
198599,2024-2025,regular,01-12-2023,Male
198600,2024-2025,regular,01-12-2022,Female
198601,2024-2025,regular,01-12-2022,Female
198602,2024-2025,regular,01-12-2022,Male
198603,2024-2025,regular,01-12-2022,Female
198604,2024-2025,regular,01-12-2022,Male
198605,2024-2025,regular,01-12-2022,Female
198606,2024-2025,regular,01-12-2022,Female
198607,2024-2025,regular,01-12-2022,Female
198608,2024-2025,regular,01-12-2022,Female
198609,2024-2025,regular,01-05-2022,Female
198610,2024-2025,regular,01-12-2023,Female
198611,2024-2025,regular,01-12-2023,Male
198612,2024-2025,regular,01-12-2023,Female
198613,2024-2025,regular,01-12-2023,Male
198614,2024-2025,regular,01-12-2023,Female
198615,2024-2025,regular,01-12-2023,Male
198616,2024-2025,regular,01-12-2022,Male
198617,2024-2025,regular,01-12-2022,Male
198618,2024-2025,regular,01-12-2022,Female
198619,2024-2025,regular,01-12-2022,Female
198620,2024-2025,regular,01-12-2022,Female
198621,2024-2025,regular,01-12-2023,Female
198622,2024-2025,regular,01-12-2022,Male
198623,2024-2025,regular,01-12-2022,Female
198624,2024-2025,regular,01-12-2022,Female
198625,2024-2025,regular,01-12-2022,Male
198626,2024-2025,regular,01-12-2022,Male
198627,2024-2025,regular,01-12-2022,Male
198628,2024-2025,regular,01-12-2023,Female
198629,2024-2025,regular,01-12-2023,Female
198630,2024-2025,regular,01-12-2023,Male
198631,2024-2025,regular,01-12-2023,Male
198632,2024-2025,regular,01-12-2023,Female
198633,2024-2025,regular,01-12-2023,Male
198634,2024-2025,regular,01-12-2023,Female
198635,2024-2025,regular,01-12-2023,Male
198636,2024-2025,regular,01-12-2022,Female
198637,2024-2025,regular,01-12-2022,Female
198638,2024-2025,regular,01-12-2022,Male
198639,2024-2025,regular,01-12-2022,Female
198640,2024-2025,regular,01-12-2022,Male
198641,2024-2025,regular,01-12-2022,Female
198642,2024-2025,regular,01-12-2022,Female
198643,2024-2025,regular,01-12-2022,Male
198644,2024-2025,regular,01-12-2022,Male
198645,2024-2025,regular,01-12-2022,Female
198646,2024-2025,regular,01-12-2022,Male
198647,2024-2025,regular,01-12-2022,Male
198648,2024-2025,regular,01-12-2022,Male
198649,2024-2025,regular,01-12-2022,Female
198650,2024-2025,regular,01-12-2022,Female
198651,2024-2025,regular,01-12-2022,Male
198652,2024-2025,regular,01-12-2022,Female
198653,2024-2025,regular,01-05-2023,Male
198654,2024-2025,regular,01-05-2023,Female
198655,2024-2025,regular,01-12-2022,Male
198656,2024-2025,regular,01-12-2022,Female
198657,2024-2025,regular,01-12-2022,Female
198658,2024-2025,regular,01-05-2023,Female
198659,2024-2025,regular,01-05-2023,Female
198660,2024-2025,regular,01-12-2022,Female
198661,2024-2025,regular,01-12-2022,Male
198662,2024-2025,regular,01-12-2022,Male
198663,2024-2025,regular,01-12-2022,Male
198664,2024-2025,regular,01-05-2023,Female
198665,2024-2025,regular,01-05-2023,Female
198666,2024-2025,regular,01-12-2022,Female
198667,2024-2025,regular,01-12-2022,Female
198668,2024-2025,regular,01-05-2023,Female
198669,2024-2025,regular,01-05-2023,Female
198670,2024-2025,regular,01-05-2023,Male
198671,2024-2025,regular,01-05-2023,Male
198672,2024-2025,regular,01-05-2023,Female
198673,2024-2025,regular,01-12-2022,Female
198674,2024-2025,regular,01-12-2022,Male
198675,2024-2025,regular,01-12-2022,Female
198676,2024-2025,regular,01-12-2022,Male
198677,2024-2025,regular,01-12-2022,Female
198678,2024-2025,regular,01-12-2022,Male
198679,2024-2025,regular,01-12-2022,Female
198680,2024-2025,regular,01-05-2023,Male
198681,2024-2025,regular,01-05-2023,Female
198682,2024-2025,regular,01-05-2023,Female
198683,2024-2025,regular,01-05-2023,Male
198684,2024-2025,regular,01-12-2022,Female
198685,2024-2025,regular,01-12-2022,Female
198686,2024-2025,regular,01-12-2022,Female
198687,2024-2025,regular,01-12-2022,Male
198688,2024-2025,regular,01-12-2022,Male
198689,2024-2025,regular,01-12-2022,Female
198690,2024-2025,regular,01-12-2022,Female
198691,2024-2025,regular,01-12-2022,Female
198692,2024-2025,regular,01-12-2022,Female
198693,2024-2025,regular,01-12-2022,Male
198694,2024-2025,regular,01-12-2022,Female
198695,2024-2025,regular,01-12-2022,Male
198696,2024-2025,regular,01-12-2022,Male
198697,2024-2025,regular,01-12-2022,Female
198698,2024-2025,regular,01-12-2023,Male
198699,2024-2025,regular,01-05-2024,Male
198700,2024-2025,regular,01-05-2024,Male
198701,2024-2025,regular,01-05-2024,Female
198702,2024-2025,regular,01-12-2022,Female
198703,2024-2025,regular,01-12-2023,Male
198704,2024-2025,regular,01-05-2023,Male
198705,2024-2025,regular,01-05-2023,Male
198706,2024-2025,regular,01-05-2023,Female
198707,2024-2025,regular,01-05-2023,Female
198708,2024-2025,regular,01-05-2023,Male
198709,2024-2025,regular,01-05-2023,Male
198710,2024-2025,regular,01-05-2023,Female
198711,2024-2025,regular,01-05-2023,Male
198712,2024-2025,regular,01-05-2023,Male
198713,2024-2025,regular,01-05-2023,Female
198714,2024-2025,regular,01-05-2023,Female
198715,2024-2025,regular,01-05-2023,Male
198716,2024-2025,regular,01-05-2023,Female
198717,2024-2025,regular,01-05-2023,Female
198718,2024-2025,regular,01-05-2023,Female
198719,2024-2025,regular,01-05-2023,Male
198720,2024-2025,regular,01-05-2023,Male
198721,2024-2025,regular,01-05-2023,Female
198722,2024-2025,regular,01-05-2023,Male
198723,2024-2025,regular,01-05-2023,Female
198724,2024-2025,regular,01-05-2023,Female
198725,2024-2025,regular,01-05-2023,Male
198726,2024-2025,regular,01-05-2023,Female
198727,2024-2025,regular,01-05-2023,Male
198728,2024-2025,regular,01-05-2023,Female
198729,2024-2025,regular,01-05-2023,Female
198730,2024-2025,regular,01-05-2023,Female
198731,2024-2025,regular,01-05-2023,Male
198732,2024-2025,regular,01-05-2023,Female
198733,2024-2025,regular,01-05-2023,Male
198734,2024-2025,regular,01-05-2023,Male
198735,2024-2025,regular,01-05-2023,Male
198736,2024-2025,regular,01-05-2023,Male
198737,2024-2025,regular,01-05-2023,Female
198738,2024-2025,regular,01-05-2023,Male
198739,2024-2025,regular,01-05-2023,Male
198740,2024-2025,regular,01-05-2023,Female
198741,2024-2025,regular,01-05-2023,Female
198742,2024-2025,regular,01-05-2023,Male
198743,2024-2025,regular,01-05-2023,Female
198744,2024-2025,regular,01-05-2023,Male
198745,2024-2025,regular,01-05-2023,Male
198746,2024-2025,regular,01-05-2023,Female
198747,2024-2025,regular,01-05-2023,Female
198748,2024-2025,regular,01-05-2023,Female
198749,2024-2025,regular,01-05-2023,Male
198750,2024-2025,regular,01-05-2023,Female
198751,2024-2025,regular,01-05-2023,Male
198752,2024-2025,regular,01-05-2023,Male
198753,2024-2025,regular,01-05-2023,Male
198754,2024-2025,regular,01-05-2023,Male
198755,2024-2025,regular,01-05-2023,Female
198756,2024-2025,regular,01-05-2023,Male
198757,2024-2025,regular,01-05-2023,Male
198758,2024-2025,regular,01-05-2023,Female
198759,2024-2025,regular,01-05-2023,Female
198760,2024-2025,regular,01-05-2023,Male
198761,2024-2025,regular,01-05-2023,Male
198762,2024-2025,regular,01-05-2023,Male
198763,2024-2025,regular,01-05-2023,Male
198764,2024-2025,regular,01-05-2023,Male
198765,2024-2025,regular,01-05-2023,Female
198766,2024-2025,regular,01-05-2023,Female
198767,2024-2025,regular,01-05-2023,Female
198768,2024-2025,regular,01-05-2023,Male
198769,2024-2025,regular,01-05-2023,Male
198770,2024-2025,regular,01-05-2023,Female
198771,2024-2025,regular,01-05-2023,Female
198772,2024-2025,regular,01-05-2023,Male
198773,2024-2025,regular,01-05-2023,Female
198774,2024-2025,regular,01-05-2023,Male
198775,2024-2025,regular,01-05-2023,Female
198776,2024-2025,regular,01-05-2023,Male
198777,2024-2025,regular,01-05-2023,Male
198778,2024-2025,regular,01-05-2023,Male
198779,2024-2025,regular,01-05-2023,Male
198780,2024-2025,regular,01-05-2023,Male
198781,2024-2025,regular,01-05-2023,Female
198782,2024-2025,regular,01-05-2023,Male
198783,2024-2025,regular,01-05-2023,Male
198784,2024-2025,regular,01-05-2023,Male
198785,2024-2025,regular,01-05-2023,Male
198786,2024-2025,regular,01-05-2023,Male
198787,2024-2025,regular,01-05-2023,Female
198788,2024-2025,regular,01-05-2023,Male
198789,2024-2025,regular,01-05-2023,Male
198790,2024-2025,regular,01-05-2023,Male
198791,2024-2025,regular,01-05-2023,Female
198792,2024-2025,regular,01-05-2023,Female
198793,2024-2025,regular,01-05-2023,Male
198794,2024-2025,regular,01-05-2023,Male
198795,2024-2025,regular,01-05-2023,Male
198796,2024-2025,regular,01-05-2023,Male
198797,2024-2025,regular,01-05-2023,Female
198798,2024-2025,regular,01-05-2023,Female
198799,2024-2025,regular,01-05-2023,Female
198800,2024-2025,regular,01-05-2023,Female
198801,2024-2025,regular,01-05-2023,Female
198802,2024-2025,regular,01-05-2023,Male
198803,2024-2025,regular,01-05-2023,Male
198804,2024-2025,regular,01-05-2023,Female
198805,2024-2025,regular,01-05-2023,Female
198806,2024-2025,regular,01-05-2023,Male
198807,2024-2025,regular,01-05-2023,Male
198808,2024-2025,regular,01-05-2023,Female
198809,2024-2025,regular,01-05-2023,Female
198810,2024-2025,regular,01-05-2023,Male
198811,2024-2025,regular,01-05-2023,Male
198812,2024-2025,regular,01-05-2023,Male
198813,2024-2025,regular,01-05-2023,Female
198814,2024-2025,regular,01-05-2023,Male
198815,2024-2025,regular,01-05-2023,Male
198816,2024-2025,regular,01-05-2023,Female
198817,2024-2025,regular,01-05-2023,Female
198818,2024-2025,regular,01-12-2023,Male
198819,2024-2025,regular,01-12-2023,Male
198820,2024-2025,regular,01-12-2023,Female
198821,2024-2025,regular,01-12-2023,Male
198822,2024-2025,regular,01-12-2023,Male
198823,2024-2025,regular,01-12-2023,Female
198824,2024-2025,regular,01-12-2023,Male
198825,2024-2025,regular,01-12-2023,Male
198826,2024-2025,regular,01-12-2023,Female
198827,2024-2025,regular,01-12-2023,Female
198828,2024-2025,regular,01-05-2023,Female
198829,2024-2025,regular,01-12-2023,Male
198830,2024-2025,regular,01-12-2023,Male
198831,2024-2025,regular,01-12-2023,Male
198832,2024-2025,regular,01-12-2023,Female
198833,2024-2025,regular,01-05-2023,Male
198834,2024-2025,regular,01-05-2023,Male
198835,2024-2025,regular,01-05-2023,Female
198836,2024-2025,regular,01-05-2023,Male
198837,2024-2025,regular,01-05-2023,Male
198838,2024-2025,regular,01-05-2023,Male
198839,2024-2025,regular,01-05-2023,Male
198840,2024-2025,regular,01-05-2023,Male
198841,2024-2025,regular,01-05-2023,Female
198842,2024-2025,regular,01-05-2023,Male
198843,2024-2025,regular,01-05-2023,Female
198844,2024-2025,regular,01-05-2023,Female
198845,2024-2025,regular,01-05-2023,Male
198846,2024-2025,regular,01-05-2023,Male
198847,2024-2025,regular,01-05-2023,Male
198848,2024-2025,regular,01-05-2023,Male
198849,2024-2025,regular,01-12-2023,Female
198850,2024-2025,regular,01-12-2023,Female
198851,2024-2025,regular,01-05-2023,Female
198852,2024-2025,regular,01-05-2023,Female
198853,2024-2025,regular,01-05-2023,Female
198854,2024-2025,regular,01-05-2023,Female
198855,2024-2025,regular,01-05-2023,Female
198856,2024-2025,regular,01-05-2023,Male
198857,2024-2025,regular,01-05-2023,Male
198858,2024-2025,regular,01-05-2023,Male
198859,2024-2025,regular,01-05-2023,Male
198860,2024-2025,regular,01-05-2023,Female
198861,2024-2025,regular,01-05-2023,Male
198862,2024-2025,regular,01-05-2023,Male
198863,2024-2025,regular,01-05-2023,Female
198864,2024-2025,regular,01-05-2023,Female
198865,2024-2025,regular,01-12-2022,Male
198866,2024-2025,regular,01-05-2023,Male
198867,2024-2025,regular,01-05-2023,Male
198868,2024-2025,regular,01-05-2023,Male
198869,2024-2025,regular,01-05-2023,Male
198870,2024-2025,regular,01-05-2023,Female
198871,2024-2025,regular,01-05-2023,Male
198872,2024-2025,regular,01-05-2023,Male
198873,2024-2025,regular,01-05-2023,Male
198874,2024-2025,regular,01-05-2023,Female
198875,2024-2025,regular,01-05-2023,Male
198876,2024-2025,regular,01-05-2023,Male
198877,2024-2025,regular,01-05-2023,Female
198878,2024-2025,regular,01-05-2023,Female
198879,2024-2025,regular,01-05-2023,Male
198880,2024-2025,regular,01-05-2023,Female
198881,2024-2025,regular,01-05-2023,Female
